Protocollo;Gruppo;DataOraIncidente;Localizzazione1;STRADA1;Localizzazione2;STRADA2;Strada02;Chilometrica;DaSpecificare;NaturaIncidente;particolaritastrade;TipoStrada;FondoStradale;Pavimentazione;Segnaletica;CondizioneAtmosferica;Traffico;Visibilita;Illuminazione;NUM_FERITI;NUM_RISERVATA;NUM_MORTI;NUM_ILLESI;Longitudine;Latitudine;Confermato;Progressivo;TipoVeicolo;StatoVeicolo;TipoPersona;Sesso;Tipolesione;Deceduto;DecedutoDopo;CinturaCascoUtilizzato;Airbag
3670184;19;05/02/2018 11:35;Strada Urbana;VIA DELLA VALLE DEI FONTANILI;in corrispondenza;;del civico n.;15;;Scontro frontale/laterale DX fra veicoli in marcia;Rettilineo;Una carreggiata a doppio senso;Asciutto;Asfaltata;Orizzontale;Nuvoloso;Normale;Buona;Ore Diurne;1;0;0;2;12,41054;41,9228;-1;2;Motociclo a solo;In marcia / fermata / arresto;Conducente;M;Rimandato;0;NON DECEDUTO;Non accertato;
3670189;1;04/02/2018 21:30;Strada Urbana;PIAZZA DEI CINQUECENTO;all'intersezione semaforizzata con;VIALE LUIGI EINAUDI;VIALE LUIGI EINAUDI;;;Investimento di pedone;Incrocio;Una carreggiata a senso unico alternato;Asciutto;Acciotolata;Verticale ed orizzontale;Nuvoloso;Normale;Sufficiente;Sufficiente;1;0;0;2;12,50012;41,90168;-1;;;;Pedone;F;Rimandato;0;NON DECEDUTO;;
3670189;1;04/02/2018 21:30;Strada Urbana;PIAZZA DEI CINQUECENTO;all'intersezione semaforizzata con;VIALE LUIGI EINAUDI;VIALE LUIGI EINAUDI;;;Investimento di pedone;Incrocio;Una carreggiata a senso unico alternato;Asciutto;Acciotolata;Verticale ed orizzontale;Nuvoloso;Normale;Sufficiente;Sufficiente;1;0;0;2;12,50012;41,90168;-1;1;Autovettura pubblica;In marcia / fermata / arresto;Conducente;M;Illeso;0;;;
3670189;1;04/02/2018 21:30;Strada Urbana;PIAZZA DEI CINQUECENTO;all'intersezione semaforizzata con;VIALE LUIGI EINAUDI;VIALE LUIGI EINAUDI;;;Investimento di pedone;Incrocio;Una carreggiata a senso unico alternato;Asciutto;Acciotolata;Verticale ed orizzontale;Nuvoloso;Normale;Sufficiente;Sufficiente;1;0;0;2;12,50012;41,90168;-1;1;Autovettura pubblica;In marcia / fermata / arresto;Passeggero;F;Illeso;0;;;
3670215;6;05/02/2018 09:25;Strada Urbana;LARGO PRENESTE;all'intersezione semaforizzata con;VIA PRENESTINA;VIA PRENESTINA;;;Scontro laterale fra veicoli in marcia;Intersezione semaforizzata;Una carreggiata a doppio senso;Bagnato (pioggia);Asfaltata;Verticale ed orizzontale;Nuvoloso;Normale;Buona;Ore Diurne;0;0;0;2;12,54196;41,89256;-1;1;Autovettura privata;In marcia / fermata / arresto;Conducente;F;Illeso;0;;Non accertato;Inesploso
3670215;6;05/02/2018 09:25;Strada Urbana;LARGO PRENESTE;all'intersezione semaforizzata con;VIA PRENESTINA;VIA PRENESTINA;;;Scontro laterale fra veicoli in marcia;Intersezione semaforizzata;Una carreggiata a doppio senso;Bagnato (pioggia);Asfaltata;Verticale ed orizzontale;Nuvoloso;Normale;Buona;Ore Diurne;0;0;0;2;12,54196;41,89256;-1;2;Autovettura privata;In marcia / fermata / arresto;Conducente;F;Illeso;0;;Non accertato;Inesploso
3670241;7;04/02/2018 16:40;Strada Urbana;VIA FEDERICO DELPINO;in prossimità;;del civico n.;181;;Scontro frontale/laterale DX fra veicoli in marcia;Rettilineo;Una carreggiata a senso unico di marcia;Asciutto;Asfaltata;Verticale ed orizzontale;Sereno;Normale;Buona;Ore Diurne;0;0;0;3;12,56659;41,89212;-1;1;Autovettura privata;In marcia / fermata / arresto;Conducente;M;Illeso;0;;;
3670241;7;04/02/2018 16:40;Strada Urbana;VIA FEDERICO DELPINO;in prossimità;;del civico n.;181;;Scontro frontale/laterale DX fra veicoli in marcia;Rettilineo;Una carreggiata a senso unico di marcia;Asciutto;Asfaltata;Verticale ed orizzontale;Sereno;Normale;Buona;Ore Diurne;0;0;0;3;12,56659;41,89212;-1;1;Autovettura privata;In marcia / fermata / arresto;Passeggero;M;Illeso;0;;;
3670241;7;04/02/2018 16:40;Strada Urbana;VIA FEDERICO DELPINO;in prossimità;;del civico n.;181;;Scontro frontale/laterale DX fra veicoli in marcia;Rettilineo;Una carreggiata a senso unico di marcia;Asciutto;Asfaltata;Verticale ed orizzontale;Sereno;Normale;Buona;Ore Diurne;0;0;0;3;12,56659;41,89212;-1;2;Autovettura privata;In marcia / fermata / arresto;Conducente;M;Illeso;0;;Non accertato;Inesploso
3670269;17;05/02/2018 08:55;Strada Urbana;VIA GIUSEPPE AVEZZANA;all'intersezione con;VIA LUISA SANFELICE;VIA LUISA SANFELICE;;;Scontro frontale/laterale DX fra veicoli in marcia;Intersezione stradale segnalata;Una carreggiata a senso unico di marcia;Bagnato (pioggia);Asfaltata;Verticale ed orizzontale;Nuvoloso;Normale;Buona;Ore Diurne;0;0;0;2;12,46774;41,91574;-1;1;Autovettura privata;In marcia / fermata / arresto;Conducente;M;Illeso;0;;;
3670269;17;05/02/2018 08:55;Strada Urbana;VIA GIUSEPPE AVEZZANA;all'intersezione con;VIA LUISA SANFELICE;VIA LUISA SANFELICE;;;Scontro frontale/laterale DX fra veicoli in marcia;Intersezione stradale segnalata;Una carreggiata a senso unico di marcia;Bagnato (pioggia);Asfaltata;Verticale ed orizzontale;Nuvoloso;Normale;Buona;Ore Diurne;0;0;0;2;12,46774;41,91574;-1;2;Autovettura privata;In marcia / fermata / arresto;Conducente;M;Illeso;0;;;
3670277;9;05/02/2018 10:20;Strada Urbana;VIA DEMETRIADE;in prossimità;;del civico n.;50;;Tamponamento;Rettilineo;Una carreggiata a doppio senso;Asciutto;Asfaltata;Verticale ed orizzontale;Nuvoloso;Scarso;Buona;Ore Diurne;1;0;0;3;12,54048;41,86334;-1;;;;Pedone;M;Illeso;0;;;
3670277;9;05/02/2018 10:20;Strada Urbana;VIA DEMETRIADE;in prossimità;;del civico n.;50;;Tamponamento;Rettilineo;Una carreggiata a doppio senso;Asciutto;Asfaltata;Verticale ed orizzontale;Nuvoloso;Scarso;Buona;Ore Diurne;1;0;0;3;12,54048;41,86334;-1;1;Autovettura privata;In marcia / fermata / arresto;Conducente;M;Illeso;0;;Non accertato;Inesploso
3670277;9;05/02/2018 10:20;Strada Urbana;VIA DEMETRIADE;in prossimità;;del civico n.;50;;Tamponamento;Rettilineo;Una carreggiata a doppio senso;Asciutto;Asfaltata;Verticale ed orizzontale;Nuvoloso;Scarso;Buona;Ore Diurne;1;0;0;3;12,54048;41,86334;-1;2;Autovettura privata;In marcia / fermata / arresto;Conducente;M;Illeso;0;;Non accertato;Inesploso
3670277;9;05/02/2018 10:20;Strada Urbana;VIA DEMETRIADE;in prossimità;;del civico n.;50;;Tamponamento;Rettilineo;Una carreggiata a doppio senso;Asciutto;Asfaltata;Verticale ed orizzontale;Nuvoloso;Scarso;Buona;Ore Diurne;1;0;0;3;12,54048;41,86334;-1;2;Autovettura privata;In marcia / fermata / arresto;Passeggero;F;Rimandato;0;NON DECEDUTO;Non utilizzato;Inesploso
3670302;16;01/02/2018 08:00;;PIAZZALE ENRICO DUNANT;in prossimità;;del civico n.;15;;Tamponamento;;;;;;;;;;0;0;0;2;12,45838;41,87246;0;1;Autovettura privata;In marcia / fermata / arresto;Conducente;M;Illeso;0;;;
3670302;16;01/02/2018 08:00;;PIAZZALE ENRICO DUNANT;in prossimità;;del civico n.;15;;Tamponamento;;;;;;;;;;0;0;0;2;12,45838;41,87246;0;2;Autovettura privata;In marcia / fermata / arresto;Conducente;;Illeso;0;;;
3670317;20;05/02/2018 12:30;Strada Urbana;VIALE DI TOR DI QUINTO;in corrispondenza;;del civico n.;64;;Scontro frontale/laterale DX fra veicoli in marcia;Rettilineo;Una carreggiata a doppio senso;Asciutto;Asfaltata;Verticale ed orizzontale;Nuvoloso;Normale;Buona;Ore Diurne;0;0;0;1;12,4786;41,93832;-1;1;Motociclo a solo;In marcia / fermata / arresto;Conducente;M;Illeso;0;;Non accertato;
3670371;1;04/02/2018 20:50;Strada Urbana;VIA MARMORATA;in corrispondenza;;del palo luce n.;44;;Tamponamento;Rettilineo;Una carreggiata a doppio senso;Asciutto;In cubetti di porfido;Verticale ed orizzontale;Nuvoloso;Normale;Buona;Sufficiente;0;0;0;4;12,4784;41,87981;-1;1;Autovettura privata;In marcia / fermata / arresto;Conducente;M;Illeso;0;;Non accertato;Inesploso
3670371;1;04/02/2018 20:50;Strada Urbana;VIA MARMORATA;in corrispondenza;;del palo luce n.;44;;Tamponamento;Rettilineo;Una carreggiata a doppio senso;Asciutto;In cubetti di porfido;Verticale ed orizzontale;Nuvoloso;Normale;Buona;Sufficiente;0;0;0;4;12,4784;41,87981;-1;1;Autovettura privata;In marcia / fermata / arresto;Passeggero;M;Illeso;0;;Non accertato;Inesploso
3670371;1;04/02/2018 20:50;Strada Urbana;VIA MARMORATA;in corrispondenza;;del palo luce n.;44;;Tamponamento;Rettilineo;Una carreggiata a doppio senso;Asciutto;In cubetti di porfido;Verticale ed orizzontale;Nuvoloso;Normale;Buona;Sufficiente;0;0;0;4;12,4784;41,87981;-1;1;Autovettura privata;In marcia / fermata / arresto;Passeggero;M;Illeso;0;;Non accertato;Inesploso
3670371;1;04/02/2018 20:50;Strada Urbana;VIA MARMORATA;in corrispondenza;;del palo luce n.;44;;Tamponamento;Rettilineo;Una carreggiata a doppio senso;Asciutto;In cubetti di porfido;Verticale ed orizzontale;Nuvoloso;Normale;Buona;Sufficiente;0;0;0;4;12,4784;41,87981;-1;2;Autovettura privata;In marcia / fermata / arresto;Conducente;F;Illeso;0;;Non accertato;Inesploso
3670375;17;04/02/2018 18:20;;VIA PIETRO DE COUBERTIN;da specificare;;;;altezza via Nedo Nadi;Scontro frontale fra veicoli in marcia;;;;;;;;;;3;0;1;0;;;0;1;Autovettura privata;In marcia / fermata / arresto;Conducente;M;Deceduto sul posto;-1;;Non accertato;Inesploso
3670375;17;04/02/2018 18:20;;VIA PIETRO DE COUBERTIN;da specificare;;;;altezza via Nedo Nadi;Scontro frontale fra veicoli in marcia;;;;;;;;;;3;0;1;0;;;0;1;Autovettura privata;In marcia / fermata / arresto;Passeggero;M;Rimandato;0;NON DECEDUTO;Non accertato;Inesploso
3670375;17;04/02/2018 18:20;;VIA PIETRO DE COUBERTIN;da specificare;;;;altezza via Nedo Nadi;Scontro frontale fra veicoli in marcia;;;;;;;;;;3;0;1;0;;;0;2;Quadriciclo leggero;In marcia / fermata / arresto;Conducente;F;Rimandato;0;NON DECEDUTO;Non accertato;Inesploso
3670375;17;04/02/2018 18:20;;VIA PIETRO DE COUBERTIN;da specificare;;;;altezza via Nedo Nadi;Scontro frontale fra veicoli in marcia;;;;;;;;;;3;0;1;0;;;0;2;Quadriciclo leggero;In marcia / fermata / arresto;Passeggero;M;Rimandato;0;NON DECEDUTO;Non accertato;Inesploso
3670378;7;03/02/2018 12:00;Strada Urbana;VIALE PALMIRO TOGLIATTI;da specificare;;;;fronte civico n. 820;Scontro laterale fra veicoli in marcia;Curva a visuale libera;Una carreggiata a senso unico di marcia;Bagnato (pioggia);Asfaltata;Verticale ed orizzontale;Pioggia in atto;Normale;Buona;Ore Diurne;0;0;0;3;12,57341;41,88645;-1;1;Autovettura privata;In marcia / fermata / arresto;Conducente;M;Illeso;0;;Non accertato;Inesploso
3670378;7;03/02/2018 12:00;Strada Urbana;VIALE PALMIRO TOGLIATTI;da specificare;;;;fronte civico n. 820;Scontro laterale fra veicoli in marcia;Curva a visuale libera;Una carreggiata a senso unico di marcia;Bagnato (pioggia);Asfaltata;Verticale ed orizzontale;Pioggia in atto;Normale;Buona;Ore Diurne;0;0;0;3;12,57341;41,88645;-1;2;Autovettura privata;In marcia / fermata / arresto;Conducente;M;Illeso;0;;Non accertato;Inesploso
3670378;7;03/02/2018 12:00;Strada Urbana;VIALE PALMIRO TOGLIATTI;da specificare;;;;fronte civico n. 820;Scontro laterale fra veicoli in marcia;Curva a visuale libera;Una carreggiata a senso unico di marcia;Bagnato (pioggia);Asfaltata;Verticale ed orizzontale;Pioggia in atto;Normale;Buona;Ore Diurne;0;0;0;3;12,57341;41,88645;-1;2;Autovettura privata;In marcia / fermata / arresto;Passeggero;M;Illeso;0;;Non accertato;Inesploso
3670426;1;05/02/2018 08:10;Strada Urbana;VIA DI S. MARIA IN COSMEDIN;all'intersezione con;VIA DELLA GRECA;VIA DELLA GRECA;;;Infortunio per sola frenata improvvisa;Incrocio;Una carreggiata a doppio senso;Bagnato (pioggia);Asfaltata;Verticale ed orizzontale;Nuvoloso;Intenso;Buona;Ore Diurne;0;0;0;2;;;0;1;Autovettura privata;In marcia / fermata / arresto;Conducente;M;Illeso;0;;;
3670426;1;05/02/2018 08:10;Strada Urbana;VIA DI S. MARIA IN COSMEDIN;all'intersezione con;VIA DELLA GRECA;VIA DELLA GRECA;;;Infortunio per sola frenata improvvisa;Incrocio;Una carreggiata a doppio senso;Bagnato (pioggia);Asfaltata;Verticale ed orizzontale;Nuvoloso;Intenso;Buona;Ore Diurne;0;0;0;2;;;0;2;Motociclo a solo;In marcia / fermata / arresto;Conducente;M;Illeso;0;;;
3670431;4;03/02/2018 12:35;Strada Urbana;VIA VIRGILIO TALLI;da specificare;;;;prossimità via Colli della Serpentara;Scontro laterale fra veicoli in marcia;Rettilineo;Una carreggiata a doppio senso;Bagnato (pioggia);Asfaltata;Verticale;Pioggia in atto;Scarso;Buona;Ore Diurne;0;0;0;3;12,52298;41,96458;-1;1;Autovettura privata;In marcia / fermata / arresto;Conducente;M;Illeso;0;;;
3670431;4;03/02/2018 12:35;Strada Urbana;VIA VIRGILIO TALLI;da specificare;;;;prossimità via Colli della Serpentara;Scontro laterale fra veicoli in marcia;Rettilineo;Una carreggiata a doppio senso;Bagnato (pioggia);Asfaltata;Verticale;Pioggia in atto;Scarso;Buona;Ore Diurne;0;0;0;3;12,52298;41,96458;-1;1;Autovettura privata;In marcia / fermata / arresto;Passeggero;F;Illeso;0;;;
3670431;4;03/02/2018 12:35;Strada Urbana;VIA VIRGILIO TALLI;da specificare;;;;prossimità via Colli della Serpentara;Scontro laterale fra veicoli in marcia;Rettilineo;Una carreggiata a doppio senso;Bagnato (pioggia);Asfaltata;Verticale;Pioggia in atto;Scarso;Buona;Ore Diurne;0;0;0;3;12,52298;41,96458;-1;2;Autovettura privata;In marcia / fermata / arresto;Conducente;M;Illeso;0;;;
3670436;16;02/02/2018 07:50;Strada Urbana;VIA DELLA CONSOLATA;in corrispondenza;;del civico n.;54;;Scontro frontale/laterale SX fra veicoli in marcia;Rettilineo;Una carreggiata a doppio senso;Bagnato (pioggia);Asfaltata;Assente;Pioggia in atto;Intenso;Buona;Ore Diurne;1;0;0;1;12,42192;41,87687;-1;1;Autovettura privata;In marcia / fermata / arresto;Conducente;F;Illeso;0;;;
3670436;16;02/02/2018 07:50;Strada Urbana;VIA DELLA CONSOLATA;in corrispondenza;;del civico n.;54;;Scontro frontale/laterale SX fra veicoli in marcia;Rettilineo;Una carreggiata a doppio senso;Bagnato (pioggia);Asfaltata;Assente;Pioggia in atto;Intenso;Buona;Ore Diurne;1;0;0;1;12,42192;41,87687;-1;2;Motociclo a solo;In marcia / fermata / arresto;Conducente;F;Rimandato;0;NON DECEDUTO;Non accertato;
3670463;1;05/02/2018 08:00;Strada Urbana;VIA MARIA ADELAIDE;all'intersezione con;VIA MARIA CRISTINA;VIA MARIA CRISTINA;;;Scontro laterale fra veicoli in marcia;Incrocio;Una carreggiata a senso unico di marcia;Bagnato (umidità in atto);Asfaltata;Verticale ed orizzontale;Nuvoloso;Normale;Buona;Ore Diurne;0;0;0;3;12,47418;41,91037;-1;1;Autovettura di polizia;In marcia / fermata / arresto;Conducente;M;Illeso;0;;Non accertato;Inesploso
3670463;1;05/02/2018 08:00;Strada Urbana;VIA MARIA ADELAIDE;all'intersezione con;VIA MARIA CRISTINA;VIA MARIA CRISTINA;;;Scontro laterale fra veicoli in marcia;Incrocio;Una carreggiata a senso unico di marcia;Bagnato (umidità in atto);Asfaltata;Verticale ed orizzontale;Nuvoloso;Normale;Buona;Ore Diurne;0;0;0;3;12,47418;41,91037;-1;1;Autovettura di polizia;In marcia / fermata / arresto;Passeggero;M;Illeso;0;;Non accertato;Inesploso
3670463;1;05/02/2018 08:00;Strada Urbana;VIA MARIA ADELAIDE;all'intersezione con;VIA MARIA CRISTINA;VIA MARIA CRISTINA;;;Scontro laterale fra veicoli in marcia;Incrocio;Una carreggiata a senso unico di marcia;Bagnato (umidità in atto);Asfaltata;Verticale ed orizzontale;Nuvoloso;Normale;Buona;Ore Diurne;0;0;0;3;12,47418;41,91037;-1;2;Motociclo a solo;In marcia / fermata / arresto;Conducente;M;Illeso;0;;Non accertato;
3670475;16;02/02/2018 08:10;Strada Urbana;VIA DEL CASALETTO;all'intersezione con;LARGO ALBERTO PEPERE;LARGO ALBERTO PEPERE;;;Scontro laterale fra veicoli in marcia;Incrocio;Una carreggiata a doppio senso;Bagnato (pioggia);Asfaltata;Verticale;Pioggia in atto;Normale;Buona;Ore Diurne;1;0;0;1;12,43802;41,8666;-1;1;Autovettura privata;In marcia / fermata / arresto;Conducente;F;Illeso;0;;Non accertato;
3670475;16;02/02/2018 08:10;Strada Urbana;VIA DEL CASALETTO;all'intersezione con;LARGO ALBERTO PEPERE;LARGO ALBERTO PEPERE;;;Scontro laterale fra veicoli in marcia;Incrocio;Una carreggiata a doppio senso;Bagnato (pioggia);Asfaltata;Verticale;Pioggia in atto;Normale;Buona;Ore Diurne;1;0;0;1;12,43802;41,8666;-1;2;Motociclo a solo;In marcia / fermata / arresto;Conducente;M;Rimandato;0;NON DECEDUTO;Non accertato;
3670504;1;05/02/2018 09:50;Strada Urbana;VIA DEL PLEBISCITO;in corrispondenza;;del civico n.;101 B;;Scontro laterale fra veicoli in marcia;Rettilineo;Una carreggiata a senso unico di marcia;Asciutto;Asfaltata;Verticale ed orizzontale;Nuvoloso;Normale;Buona;Ore Diurne;0;0;0;2;12,48038;41,8963;-1;1;Motociclo a solo;In marcia / fermata / arresto;Conducente;M;Illeso;0;;Non accertato;
3670504;1;05/02/2018 09:50;Strada Urbana;VIA DEL PLEBISCITO;in corrispondenza;;del civico n.;101 B;;Scontro laterale fra veicoli in marcia;Rettilineo;Una carreggiata a senso unico di marcia;Asciutto;Asfaltata;Verticale ed orizzontale;Nuvoloso;Normale;Buona;Ore Diurne;0;0;0;2;12,48038;41,8963;-1;2;Autobus di linea;In marcia / fermata / arresto;Conducente;M;Illeso;0;;Non accertato;Inesploso
3670533;1;05/02/2018 10:15;Strada Urbana;LUNGOTEVERE RAFFAELLO SANZIO;in prossimità;;del civico n.;9;;Tamponamento Multiplo;Curva senza visuale libera;Una carreggiata a senso unico di marcia;Asciutto;Asfaltata;Verticale ed orizzontale;Nuvoloso;Intenso;Buona;Ore Diurne;1;0;0;2;12,47153;41,89092;-1;1;Autovettura privata;In marcia / fermata / arresto;Conducente;M;Illeso;0;;Non accertato;Inesploso
3670533;1;05/02/2018 10:15;Strada Urbana;LUNGOTEVERE RAFFAELLO SANZIO;in prossimità;;del civico n.;9;;Tamponamento Multiplo;Curva senza visuale libera;Una carreggiata a senso unico di marcia;Asciutto;Asfaltata;Verticale ed orizzontale;Nuvoloso;Intenso;Buona;Ore Diurne;1;0;0;2;12,47153;41,89092;-1;2;Autovettura privata;In marcia / fermata / arresto;Conducente;F;Rimandato;0;NON DECEDUTO;Non accertato;Inesploso
3670533;1;05/02/2018 10:15;Strada Urbana;LUNGOTEVERE RAFFAELLO SANZIO;in prossimità;;del civico n.;9;;Tamponamento Multiplo;Curva senza visuale libera;Una carreggiata a senso unico di marcia;Asciutto;Asfaltata;Verticale ed orizzontale;Nuvoloso;Intenso;Buona;Ore Diurne;1;0;0;2;12,47153;41,89092;-1;3;Autocarro inferiore 35 q.;In marcia / fermata / arresto;Conducente;M;Illeso;0;;Non accertato;Inesploso
3670541;17;05/02/2018 14:40;Strada Urbana;VIA EDMONDO DE AMICIS;in prossimità;;del palo luce n.;14;;Veicolo in marcia contro ostacolo fisso;Curva senza visuale libera;Una carreggiata a doppio senso;Bagnato (umidità in atto);Asfaltata;Orizzontale;Nuvoloso;Scarso;Sufficiente;Ore Diurne;0;0;0;1;12,44877;41,93248;-1;1;Motociclo a solo;In marcia / fermata / arresto;Conducente;M;Illeso;0;;;
3670548;6;05/02/2018 11:50;Strada Urbana;VIA LUCHINO DAL VERME;all'intersezione con;VIA ERASMO GATTAMELATA;VIA ERASMO GATTAMELATA;;;Investimento di pedone;Incrocio;Una carreggiata a senso unico di marcia;Asciutto;Asfaltata;Orizzontale;Nuvoloso;Normale;Buona;Ore Diurne;1;0;0;1;12,53666;41,88869;-1;;;;Pedone;M;Rimandato;0;NON DECEDUTO;;
3670548;6;05/02/2018 11:50;Strada Urbana;VIA LUCHINO DAL VERME;all'intersezione con;VIA ERASMO GATTAMELATA;VIA ERASMO GATTAMELATA;;;Investimento di pedone;Incrocio;Una carreggiata a senso unico di marcia;Asciutto;Asfaltata;Orizzontale;Nuvoloso;Normale;Buona;Ore Diurne;1;0;0;1;12,53666;41,88869;-1;1;Autovettura privata;In marcia / fermata / arresto;Conducente;F;Illeso;0;;Non accertato;Inesploso
3670554;10;05/02/2018 15:30;Strada Urbana;VIA FILIPPO SERAFINI;all'intersezione con;VIA GIUSEPPE SAREDO;VIA GIUSEPPE SAREDO;;;Scontro frontale/laterale SX fra veicoli in marcia;Intersezione stradale segnalata;Una carreggiata a senso unico di marcia;Asciutto;Asfaltata;Verticale ed orizzontale;Sereno;Normale;Sufficiente;Ore Diurne;1;0;0;1;12,57271;41,8613;-1;1;Autovettura privata;In marcia / fermata / arresto;Conducente;M;Illeso;0;;Non accertato;Inesploso
3670554;10;05/02/2018 15:30;Strada Urbana;VIA FILIPPO SERAFINI;all'intersezione con;VIA GIUSEPPE SAREDO;VIA GIUSEPPE SAREDO;;;Scontro frontale/laterale SX fra veicoli in marcia;Intersezione stradale segnalata;Una carreggiata a senso unico di marcia;Asciutto;Asfaltata;Verticale ed orizzontale;Sereno;Normale;Sufficiente;Ore Diurne;1;0;0;1;12,57271;41,8613;-1;2;Autovettura privata;In marcia / fermata / arresto;Conducente;M;Rimandato;0;NON DECEDUTO;Non accertato;Inesploso
3670575;4;05/02/2018 10:00;Strada Urbana;PIAZZA CONCA D'ORO;all'intersezione semaforizzata con;VIA CONCA D'ORO;VIA CONCA D'ORO;;;Fuoriuscita dalla sede stradale;Incrocio;Più di due carreggiate;Asciutto;Asfaltata;Verticale ed orizzontale;Nuvoloso;Normale;Buona;Ore Diurne;2;0;1;0;12,52748;41,93911;-1;;;;Pedone;M;Rifiuta cure immediate;0;NON DECEDUTO;;
3670575;4;05/02/2018 10:00;Strada Urbana;PIAZZA CONCA D'ORO;all'intersezione semaforizzata con;VIA CONCA D'ORO;VIA CONCA D'ORO;;;Fuoriuscita dalla sede stradale;Incrocio;Più di due carreggiate;Asciutto;Asfaltata;Verticale ed orizzontale;Nuvoloso;Normale;Buona;Ore Diurne;2;0;1;0;12,52748;41,93911;-1;1;Motociclo con passeggero;In marcia / fermata / arresto;Conducente;M;Deceduto sul posto;-1;;;
3670575;4;05/02/2018 10:00;Strada Urbana;PIAZZA CONCA D'ORO;all'intersezione semaforizzata con;VIA CONCA D'ORO;VIA CONCA D'ORO;;;Fuoriuscita dalla sede stradale;Incrocio;Più di due carreggiate;Asciutto;Asfaltata;Verticale ed orizzontale;Nuvoloso;Normale;Buona;Ore Diurne;2;0;1;0;12,52748;41,93911;-1;1;Motociclo con passeggero;In marcia / fermata / arresto;Passeggero;F;Ricoverato;0;NON DECEDUTO;;
3670616;12;05/02/2018 15:45;Strada Urbana;VIALE AMERICA;in prossimità;;del civico n.;20;;Veicolo in marcia contro veicolo in sosta;Rettilineo;Una carreggiata a doppio senso;Asciutto;Asfaltata;Verticale ed orizzontale;Nuvoloso;Normale;Buona;Ore Diurne;0;0;0;1;12,46144;41,83165;-1;1;Autovettura privata;In marcia / fermata / arresto;Conducente;M;Illeso;0;;Non accertato;Inesploso
3670629;16;02/02/2018 10:00;;VIA S. GIOVANNI EUDES;in corrispondenza;;del palo luce n.;11;;Ribaltamento senza urto contro ostacolo fisso;;;;;;;;;;0;0;0;1;;;0;1;Quadriciclo;In marcia / fermata / arresto;Conducente;M;Illeso;0;;;
3670636;1;05/02/2018 14:24;Strada Urbana;VIA PANISPERNA;in corrispondenza;;del civico n.;186;;Veicoli in marcia contro veicolo fermo;Rettilineo;Una carreggiata a senso unico di marcia;Asciutto;Acciotolata;Verticale ed orizzontale;Sereno;Scarso;Buona;Ore Diurne;0;0;0;1;;;0;2;Autovettura privata;In marcia / fermata / arresto;Conducente;M;Illeso;0;;;
3670712;16;02/02/2018 18:20;Strada Urbana;PIAZZALE ENRICO DUNANT;da specificare;;;;fronte Via LAURA MANTEGAZZA;Tamponamento;Rettilineo;Due carreggiate;Bagnato (umidità in atto);Asfaltata;Verticale ed orizzontale;Nuvoloso;Intenso;Sufficiente;Sufficiente;0;0;0;4;12,4588;41,87257;-1;1;Autovettura privata;In marcia / fermata / arresto;Conducente;F;Illeso;0;;Non accertato;
3670712;16;02/02/2018 18:20;Strada Urbana;PIAZZALE ENRICO DUNANT;da specificare;;;;fronte Via LAURA MANTEGAZZA;Tamponamento;Rettilineo;Due carreggiate;Bagnato (umidità in atto);Asfaltata;Verticale ed orizzontale;Nuvoloso;Intenso;Sufficiente;Sufficiente;0;0;0;4;12,4588;41,87257;-1;2;Autovettura privata;In marcia / fermata / arresto;Conducente;M;Illeso;0;;Non accertato;
3670712;16;02/02/2018 18:20;Strada Urbana;PIAZZALE ENRICO DUNANT;da specificare;;;;fronte Via LAURA MANTEGAZZA;Tamponamento;Rettilineo;Due carreggiate;Bagnato (umidità in atto);Asfaltata;Verticale ed orizzontale;Nuvoloso;Intenso;Sufficiente;Sufficiente;0;0;0;4;12,4588;41,87257;-1;2;Autovettura privata;In marcia / fermata / arresto;Passeggero;F;Illeso;0;;Non accertato;
3670712;16;02/02/2018 18:20;Strada Urbana;PIAZZALE ENRICO DUNANT;da specificare;;;;fronte Via LAURA MANTEGAZZA;Tamponamento;Rettilineo;Due carreggiate;Bagnato (umidità in atto);Asfaltata;Verticale ed orizzontale;Nuvoloso;Intenso;Sufficiente;Sufficiente;0;0;0;4;12,4588;41,87257;-1;2;Autovettura privata;In marcia / fermata / arresto;Passeggero;M;Illeso;0;;Non accertato;Inesploso
3670721;18;05/02/2018 16:30;Strada Urbana;VIA DELLA MAGLIANELLA;da specificare;;;;in prossimità svincolo via di Boccea;Scontro laterale fra veicoli in marcia;Rettilineo;Una carreggiata a senso unico di marcia;Asciutto;Asfaltata;Assente;Sereno;Normale;Buona;Ore Diurne;0;0;0;4;12,38227;41,9054;-1;1;Autovettura privata;In marcia / fermata / arresto;Conducente;M;Illeso;0;;Non accertato;Inesploso
3670721;18;05/02/2018 16:30;Strada Urbana;VIA DELLA MAGLIANELLA;da specificare;;;;in prossimità svincolo via di Boccea;Scontro laterale fra veicoli in marcia;Rettilineo;Una carreggiata a senso unico di marcia;Asciutto;Asfaltata;Assente;Sereno;Normale;Buona;Ore Diurne;0;0;0;4;12,38227;41,9054;-1;1;Autovettura privata;In marcia / fermata / arresto;Passeggero;M;Illeso;0;;Non accertato;Inesploso
3670721;18;05/02/2018 16:30;Strada Urbana;VIA DELLA MAGLIANELLA;da specificare;;;;in prossimità svincolo via di Boccea;Scontro laterale fra veicoli in marcia;Rettilineo;Una carreggiata a senso unico di marcia;Asciutto;Asfaltata;Assente;Sereno;Normale;Buona;Ore Diurne;0;0;0;4;12,38227;41,9054;-1;2;Autovettura con rimorchio;In marcia / fermata / arresto;Conducente;M;Illeso;0;;Non accertato;Inesploso