Protocollo;Gruppo;DataOraIncidente;Localizzazione1;STRADA1;Localizzazione2;STRADA2;Strada02;Chilometrica;DaSpecificare;NaturaIncidente;particolaritastrade;TipoStrada;FondoStradale;Pavimentazione;Segnaletica;CondizioneAtmosferica;Traffico;Visibilita;Illuminazione;NUM_FERITI;NUM_RISERVATA;NUM_MORTI;NUM_ILLESI;Longitudine;Latitudine;Confermato;Progressivo;TipoVeicolo;StatoVeicolo;TipoPersona;Sesso;Tipolesione;Deceduto;DecedutoDopo;CinturaCascoUtilizzato;Airbag
3675476;1;08/02/2018 13:45;Strada Urbana;PONTE PALATINO;all'intersezione con;LUNGOTEVERE DEI PIERLEONI;LUNGOTEVERE DEI PIERLEONI;;;Tamponamento;Incrocio;Due carreggiate;Asciutto;Asfaltata;Verticale ed orizzontale;Nuvoloso;Normale;Buona;Ore Diurne;0;0;0;3;12,47898;41,88914;-1;2;Autovettura privata;In marcia / fermata / arresto;Passeggero;F;Illeso;0;;Non accertato;Inesploso
3675579;13;08/02/2018 12:40;Strada Urbana;VIA DEL FOSSO DI DRAGONCELLO;all'intersezione con;VIA DI MACCHIA PALOCCO;VIA DI MACCHIA PALOCCO;;;Scontro frontale/laterale DX fra veicoli in marcia;Incrocio;Una carreggiata a doppio senso;Bagnato (pioggia);Asfaltata;Verticale ed orizzontale;Nuvoloso;Normale;Buona;Ore Diurne;0;0;0;3;12,32871;41,76111;-1;1;Autovettura privata;In marcia / fermata / arresto;Conducente;F;Illeso;0;;Non accertato;Esploso
3675579;13;08/02/2018 12:40;Strada Urbana;VIA DEL FOSSO DI DRAGONCELLO;all'intersezione con;VIA DI MACCHIA PALOCCO;VIA DI MACCHIA PALOCCO;;;Scontro frontale/laterale DX fra veicoli in marcia;Incrocio;Una carreggiata a doppio senso;Bagnato (pioggia);Asfaltata;Verticale ed orizzontale;Nuvoloso;Normale;Buona;Ore Diurne;0;0;0;3;12,32871;41,76111;-1;2;Autocarro inferiore 35 q.;In marcia / fermata / arresto;Conducente;M;Illeso;0;;Non accertato;Inesploso
3675579;13;08/02/2018 12:40;Strada Urbana;VIA DEL FOSSO DI DRAGONCELLO;all'intersezione con;VIA DI MACCHIA PALOCCO;VIA DI MACCHIA PALOCCO;;;Scontro frontale/laterale DX fra veicoli in marcia;Incrocio;Una carreggiata a doppio senso;Bagnato (pioggia);Asfaltata;Verticale ed orizzontale;Nuvoloso;Normale;Buona;Ore Diurne;0;0;0;3;12,32871;41,76111;-1;3;Autovettura privata;In marcia / fermata / arresto;Conducente;M;Illeso;0;;Non accertato;Esploso
3675588;6;08/02/2018 13:15;Strada Urbana;VIA ANAGNI;in corrispondenza;;del civico n.;24;;Investimento di pedone;Rettilineo;Una carreggiata a doppio senso;Bagnato (umidità in atto);Asfaltata;Verticale ed orizzontale;Nuvoloso;Normale;Buona;Ore Diurne;1;0;0;1;12,55487;41,89005;-1;;;;Pedone;M;Rimandato;0;NON DECEDUTO;;
3675588;6;08/02/2018 13:15;Strada Urbana;VIA ANAGNI;in corrispondenza;;del civico n.;24;;Investimento di pedone;Rettilineo;Una carreggiata a doppio senso;Bagnato (umidità in atto);Asfaltata;Verticale ed orizzontale;Nuvoloso;Normale;Buona;Ore Diurne;1;0;0;1;12,55487;41,89005;-1;1;Autovettura privata;In marcia / fermata / arresto;Conducente;F;Illeso;0;;Non accertato;Inesploso
3675593;7;08/02/2018 07:50;Strada Urbana;VIALE PALMIRO TOGLIATTI;all'intersezione con;VIA DEL PERGOLATO;VIA DEL PERGOLATO;;;Scontro laterale fra veicoli in marcia;Incrocio;Due carreggiate;Asciutto;Asfaltata;Verticale ed orizzontale;Sereno;Normale;Buona;Ore Diurne;0;0;0;2;12,57339;41,88769;-1;1;Autobus turistico;In marcia / fermata / arresto;Conducente;M;Illeso;0;;Non accertato;Inesploso
3675593;7;08/02/2018 07:50;Strada Urbana;VIALE PALMIRO TOGLIATTI;all'intersezione con;VIA DEL PERGOLATO;VIA DEL PERGOLATO;;;Scontro laterale fra veicoli in marcia;Incrocio;Due carreggiate;Asciutto;Asfaltata;Verticale ed orizzontale;Sereno;Normale;Buona;Ore Diurne;0;0;0;2;12,57339;41,88769;-1;2;Autovettura privata;In marcia / fermata / arresto;Conducente;M;Illeso;0;;Non accertato;Inesploso
3675603;3;07/02/2018 22:50;Strada Urbana;VIA DEGLI EQUI;in corrispondenza;;del civico n.;49;;Investimento di pedone;Rettilineo;Una carreggiata a senso unico di marcia;Bagnato (umidità in atto);Asfaltata;Verticale ed orizzontale;Nuvoloso;Scarso;Sufficiente;Sufficiente;1;0;0;1;12,51345;41,89612;0;;;;Pedone;M;Rimandato;0;NON DECEDUTO;;
3675603;3;07/02/2018 22:50;Strada Urbana;VIA DEGLI EQUI;in corrispondenza;;del civico n.;49;;Investimento di pedone;Rettilineo;Una carreggiata a senso unico di marcia;Bagnato (umidità in atto);Asfaltata;Verticale ed orizzontale;Nuvoloso;Scarso;Sufficiente;Sufficiente;1;0;0;1;12,51345;41,89612;0;1;Autovettura privata;In marcia / fermata / arresto;Conducente;M;Illeso;0;;Non accertato;Inesploso
3675611;3;07/02/2018 17:48;Strada Urbana;VIA RAVENNA;all'intersezione con;VIA ARIODANTE FABRETTI;VIA ARIODANTE FABRETTI;;;Scontro frontale/laterale DX fra veicoli in marcia;Incrocio;Una carreggiata a senso unico di marcia;Bagnato (pioggia);Asfaltata;Verticale ed orizzontale;Pioggia in atto;Scarso;Sufficiente;Sufficiente;0;0;0;2;12,51698;41,91325;-1;1;Autovettura privata;In marcia / fermata / arresto;Conducente;M;Illeso;0;;Non accertato;Inesploso
3675611;3;07/02/2018 17:48;Strada Urbana;VIA RAVENNA;all'intersezione con;VIA ARIODANTE FABRETTI;VIA ARIODANTE FABRETTI;;;Scontro frontale/laterale DX fra veicoli in marcia;Incrocio;Una carreggiata a senso unico di marcia;Bagnato (pioggia);Asfaltata;Verticale ed orizzontale;Pioggia in atto;Scarso;Sufficiente;Sufficiente;0;0;0;2;12,51698;41,91325;-1;2;Autovettura privata;In marcia / fermata / arresto;Conducente;M;Illeso;0;;Non accertato;Inesploso
3675613;17;08/02/2018 08:10;Strada Urbana;PIAZZALE DEGLI EROI;in prossimità;;del civico n.;24;;Scontro frontale/laterale SX fra veicoli in marcia;Rettilineo;Una carreggiata a doppio senso;Bagnato (umidità in atto);Asfaltata;Verticale ed orizzontale;Nuvoloso;Normale;Sufficiente;Ore Diurne;0;0;0;2;12,44947;41,90928;0;1;Autovettura privata;In marcia / fermata / arresto;Conducente;M;Illeso;0;;;
3675613;17;08/02/2018 08:10;Strada Urbana;PIAZZALE DEGLI EROI;in prossimità;;del civico n.;24;;Scontro frontale/laterale SX fra veicoli in marcia;Rettilineo;Una carreggiata a doppio senso;Bagnato (umidità in atto);Asfaltata;Verticale ed orizzontale;Nuvoloso;Normale;Sufficiente;Ore Diurne;0;0;0;2;12,44947;41,90928;0;2;Ciclomotore;In marcia / fermata / arresto;Conducente;M;Illeso;0;;;
3675617;3;07/02/2018 19:15;Strada Urbana;VIA CESARE DE LOLLIS;in prossimità;;del civico n.;20;;Tamponamento;Rettilineo;Una carreggiata a senso unico di marcia;Bagnato (umidità in atto);Asfaltata;Orizzontale;Nuvoloso;Normale;Sufficiente;Sufficiente;0;0;0;2;12,51661;41,90118;-1;1;Autovettura privata;In marcia / fermata / arresto;Conducente;M;Illeso;0;;Non accertato;
3675617;3;07/02/2018 19:15;Strada Urbana;VIA CESARE DE LOLLIS;in prossimità;;del civico n.;20;;Tamponamento;Rettilineo;Una carreggiata a senso unico di marcia;Bagnato (umidità in atto);Asfaltata;Orizzontale;Nuvoloso;Normale;Sufficiente;Sufficiente;0;0;0;2;12,51661;41,90118;-1;2;Autovettura privata;In marcia / fermata / arresto;Conducente;M;Illeso;0;;;
3675618;6;08/02/2018 16:00;Strada Urbana;VIA COLLATINA;all'intersezione con;VIA DI GROTTA DI GREGNA;VIA DI GROTTA DI GREGNA;;;Scontro laterale fra veicoli in marcia;Intersezione stradale segnalata;Una carreggiata a doppio senso;Asciutto;Asfaltata;Verticale ed orizzontale;Sereno;Normale;Buona;Ore Diurne;0;0;0;3;12,5675;41,90077;-1;1;Autovettura privata;In marcia / fermata / arresto;Conducente;F;Illeso;0;;;
3675618;6;08/02/2018 16:00;Strada Urbana;VIA COLLATINA;all'intersezione con;VIA DI GROTTA DI GREGNA;VIA DI GROTTA DI GREGNA;;;Scontro laterale fra veicoli in marcia;Intersezione stradale segnalata;Una carreggiata a doppio senso;Asciutto;Asfaltata;Verticale ed orizzontale;Sereno;Normale;Buona;Ore Diurne;0;0;0;3;12,5675;41,90077;-1;1;Autovettura privata;In marcia / fermata / arresto;Passeggero;F;Illeso;0;;;
3675618;6;08/02/2018 16:00;Strada Urbana;VIA COLLATINA;all'intersezione con;VIA DI GROTTA DI GREGNA;VIA DI GROTTA DI GREGNA;;;Scontro laterale fra veicoli in marcia;Intersezione stradale segnalata;Una carreggiata a doppio senso;Asciutto;Asfaltata;Verticale ed orizzontale;Sereno;Normale;Buona;Ore Diurne;0;0;0;3;12,5675;41,90077;-1;2;Autovettura privata;In marcia / fermata / arresto;Conducente;F;Illeso;0;;;
3675640;19;08/02/2018 01:40;Strada Urbana;VIA DUCCIO GALIMBERTI;in corrispondenza;;del civico n.;18;;Veicolo in marcia contro veicolo in sosta;Rettilineo;Una carreggiata a senso unico di marcia;Asciutto;Asfaltata;Verticale ed orizzontale;Nuvoloso;Normale;Buona;Sufficiente;1;0;0;0;12,44238;41,91364;-1;2;Motociclo a solo;In marcia / fermata / arresto;Conducente;M;Rifiuta cure immediate;0;NON DECEDUTO;;
3675667;1;08/02/2018 15:10;Strada Urbana;VIALE LUIGI EINAUDI;all'intersezione con;PIAZZA DELLA REPUBBLICA;PIAZZA DELLA REPUBBLICA;;;Veicolo in marcia contro veicolo arresto;Incrocio;Una carreggiata a senso unico di marcia;Bagnato (pioggia);In cubetti di porfido;Verticale ed orizzontale;Nuvoloso;Normale;Buona;Ore Diurne;2;0;0;0;12,49794;41,90228;-1;1;Motociclo a solo;In marcia / fermata / arresto;Conducente;M;Rifiuta cure immediate;0;NON DECEDUTO;Non accertato;
3675667;1;08/02/2018 15:10;Strada Urbana;VIALE LUIGI EINAUDI;all'intersezione con;PIAZZA DELLA REPUBBLICA;PIAZZA DELLA REPUBBLICA;;;Veicolo in marcia contro veicolo arresto;Incrocio;Una carreggiata a senso unico di marcia;Bagnato (pioggia);In cubetti di porfido;Verticale ed orizzontale;Nuvoloso;Normale;Buona;Ore Diurne;2;0;0;0;12,49794;41,90228;-1;2;Motociclo a solo;In marcia / fermata / arresto;Conducente;M;Rimandato;0;NON DECEDUTO;Non accertato;
3675671;6;08/02/2018 15:20;Strada Urbana;VIA PRENESTINA;in corrispondenza;;del civico n.;184 A;;Tamponamento Multiplo;Rettilineo;Più di due carreggiate;Bagnato (pioggia);Asfaltata;Verticale ed orizzontale;Nuvoloso;Intenso;Buona;Ore Diurne;1;0;0;3;12,53458;41,8922;-1;1;Autovettura privata;In marcia / fermata / arresto;Conducente;M;Illeso;0;;Non accertato;Inesploso
3675671;6;08/02/2018 15:20;Strada Urbana;VIA PRENESTINA;in corrispondenza;;del civico n.;184 A;;Tamponamento Multiplo;Rettilineo;Più di due carreggiate;Bagnato (pioggia);Asfaltata;Verticale ed orizzontale;Nuvoloso;Intenso;Buona;Ore Diurne;1;0;0;3;12,53458;41,8922;-1;2;Autovettura privata;In marcia / fermata / arresto;Conducente;M;Rifiuta cure immediate;0;NON DECEDUTO;Non accertato;Inesploso
3675671;6;08/02/2018 15:20;Strada Urbana;VIA PRENESTINA;in corrispondenza;;del civico n.;184 A;;Tamponamento Multiplo;Rettilineo;Più di due carreggiate;Bagnato (pioggia);Asfaltata;Verticale ed orizzontale;Nuvoloso;Intenso;Buona;Ore Diurne;1;0;0;3;12,53458;41,8922;-1;2;Autovettura privata;In marcia / fermata / arresto;Passeggero;F;Illeso;0;;Non accertato;Inesploso
3675671;6;08/02/2018 15:20;Strada Urbana;VIA PRENESTINA;in corrispondenza;;del civico n.;184 A;;Tamponamento Multiplo;Rettilineo;Più di due carreggiate;Bagnato (pioggia);Asfaltata;Verticale ed orizzontale;Nuvoloso;Intenso;Buona;Ore Diurne;1;0;0;3;12,53458;41,8922;-1;3;Autovettura privata;In marcia / fermata / arresto;Conducente;M;Illeso;0;;Non accertato;Inesploso
3675679;17;08/02/2018 10:45;Strada Urbana;VIA TERENZIO;all'intersezione con;VIA BOEZIO;VIA BOEZIO;;;Scontro laterale fra veicoli in marcia;Incrocio;Una carreggiata a senso unico di marcia;Asciutto;Asfaltata;Verticale ed orizzontale;Nuvoloso;Normale;Buona;Ore Diurne;0;0;0;3;12,46312;41,90656;-1;1;Autovettura privata;In marcia / fermata / arresto;Conducente;M;Illeso;0;;;
3675679;17;08/02/2018 10:45;Strada Urbana;VIA TERENZIO;all'intersezione con;VIA BOEZIO;VIA BOEZIO;;;Scontro laterale fra veicoli in marcia;Incrocio;Una carreggiata a senso unico di marcia;Asciutto;Asfaltata;Verticale ed orizzontale;Nuvoloso;Normale;Buona;Ore Diurne;0;0;0;3;12,46312;41,90656;-1;1;Autovettura privata;In marcia / fermata / arresto;Passeggero;F;Illeso;0;;;
3675679;17;08/02/2018 10:45;Strada Urbana;VIA TERENZIO;all'intersezione con;VIA BOEZIO;VIA BOEZIO;;;Scontro laterale fra veicoli in marcia;Incrocio;Una carreggiata a senso unico di marcia;Asciutto;Asfaltata;Verticale ed orizzontale;Nuvoloso;Normale;Buona;Ore Diurne;0;0;0;3;12,46312;41,90656;-1;2;Autocarro inferiore 35 q.;In marcia / fermata / arresto;Conducente;M;Illeso;0;;;
3675687;6;08/02/2018 16:40;Strada Urbana;VIA PRENESTINA;all'intersezione con;VIA RENZO DA CERI;VIA RENZO DA CERI;;;Scontro laterale fra veicoli in marcia;Incrocio;Più di due carreggiate;Asciutto;Asfaltata;Orizzontale;Nuvoloso;Normale;Buona;Ore Diurne;1;0;0;0;12,53819;41,89228;-1;2;Motociclo a solo;In marcia / fermata / arresto;Conducente;F;Rimandato;0;NON DECEDUTO;Non accertato;
3675688;15;08/02/2018 16:45;Strada Urbana;VIA PORTUENSE;in prossimità;;del civico n.;445;;Scontro laterale fra veicoli in marcia;Rettilineo;Una carreggiata a doppio senso;Asciutto;Asfaltata;Assente;Nuvoloso;Normale;Buona;Ore Diurne;0;0;0;2;12,45342;41,86258;-1;1;Autovettura privata;In marcia / fermata / arresto;Conducente;M;Illeso;0;;Non accertato;Inesploso
3675688;15;08/02/2018 16:45;Strada Urbana;VIA PORTUENSE;in prossimità;;del civico n.;445;;Scontro laterale fra veicoli in marcia;Rettilineo;Una carreggiata a doppio senso;Asciutto;Asfaltata;Assente;Nuvoloso;Normale;Buona;Ore Diurne;0;0;0;2;12,45342;41,86258;-1;2;Motociclo a solo;In marcia / fermata / arresto;Conducente;M;Illeso;0;;Non accertato;
3675747;17;08/02/2018 18:10;Strada Urbana;CIRCONVALLAZIONE TRIONFALE;in corrispondenza;;del civico n.;25;;Scontro laterale fra veicoli in marcia;Rettilineo;Una carreggiata a senso unico di marcia;Asciutto;Asfaltata;Verticale ed orizzontale;Sereno;Normale;Buona;Sufficiente;0;0;0;2;12,44903;41,91098;-1;1;Autovettura privata;In marcia / fermata / arresto;Conducente;M;Illeso;0;;Non accertato;Inesistente
3675747;17;08/02/2018 18:10;Strada Urbana;CIRCONVALLAZIONE TRIONFALE;in corrispondenza;;del civico n.;25;;Scontro laterale fra veicoli in marcia;Rettilineo;Una carreggiata a senso unico di marcia;Asciutto;Asfaltata;Verticale ed orizzontale;Sereno;Normale;Buona;Sufficiente;0;0;0;2;12,44903;41,91098;-1;2;Autovettura privata;In marcia / fermata / arresto;Conducente;F;Illeso;0;;Non accertato;Inesploso
3675748;13;08/02/2018 18:15;Strada Urbana;VIA DEL CANALE DELLA LINGUA;all'intersezione con;VIA EPAMINONDA;VIA EPAMINONDA;;;Scontro frontale/laterale SX fra veicoli in marcia;Incrocio;Una carreggiata a doppio senso;Bagnato (pioggia);Asfaltata;Assente;Nuvoloso;Normale;Sufficiente;Sufficiente;1;0;0;1;12,33158;41,74915;-1;1;Motociclo a solo;In marcia / fermata / arresto;Conducente;M;Rimandato;0;NON DECEDUTO;Utilizzato;
3675748;13;08/02/2018 18:15;Strada Urbana;VIA DEL CANALE DELLA LINGUA;all'intersezione con;VIA EPAMINONDA;VIA EPAMINONDA;;;Scontro frontale/laterale SX fra veicoli in marcia;Incrocio;Una carreggiata a doppio senso;Bagnato (pioggia);Asfaltata;Assente;Nuvoloso;Normale;Sufficiente;Sufficiente;1;0;0;1;12,33158;41,74915;-1;2;Autovettura privata;In marcia / fermata / arresto;Conducente;F;Illeso;0;;Non accertato;Inesploso
3675751;12;08/02/2018 16:28;Provinciale;VIA LAURENTINA;da specificare;;;;rotatoria via Castel di Leva;Scontro laterale fra veicoli in marcia;Rotatoria;Due carreggiate;Bagnato (umidità in atto);Asfaltata;Verticale;Nuvoloso;Intenso;Buona;Ore Diurne;0;0;0;2;12,50918;41,72716;-1;1;Autovettura privata;In marcia / fermata / arresto;Conducente;M;Illeso;0;;Utilizzato;Inesploso
3675751;12;08/02/2018 16:28;Provinciale;VIA LAURENTINA;da specificare;;;;rotatoria via Castel di Leva;Scontro laterale fra veicoli in marcia;Rotatoria;Due carreggiate;Bagnato (umidità in atto);Asfaltata;Verticale;Nuvoloso;Intenso;Buona;Ore Diurne;0;0;0;2;12,50918;41,72716;-1;2;Autovettura privata;In marcia / fermata / arresto;Conducente;F;Illeso;0;;Utilizzato;Inesploso
3676068;15;08/02/2018 20:30;Strada Urbana;LUNGOTEVERE DI PIETRA PAPA;da specificare;;;;altezza  palo acea 17;Investimento di pedone;Rettilineo;Due carreggiate;Bagnato (pioggia);Asfaltata;Orizzontale;Nuvoloso;Normale;Sufficiente;Sufficiente;1;0;0;1;12,47431;41,86288;-1;;;;Pedone;M;Rimandato;0;NON DECEDUTO;;
3676068;15;08/02/2018 20:30;Strada Urbana;LUNGOTEVERE DI PIETRA PAPA;da specificare;;;;altezza  palo acea 17;Investimento di pedone;Rettilineo;Due carreggiate;Bagnato (pioggia);Asfaltata;Orizzontale;Nuvoloso;Normale;Sufficiente;Sufficiente;1;0;0;1;12,47431;41,86288;-1;1;Autovettura privata;In marcia / fermata / arresto;Conducente;M;Illeso;0;;Utilizzato;
3676076;10;06/02/2018 17:30;Strada Urbana;VIA DEI SETTE METRI;in corrispondenza;;del civico n.;40;;Scontro frontale/laterale DX fra veicoli in marcia;Rettilineo;Una carreggiata a doppio senso;Asciutto;Asfaltata;Verticale ed orizzontale;Sereno;Normale;Buona;Ore Diurne;1;0;0;2;12,6082;41,81664;-1;1;Autovettura privata;In marcia / fermata / arresto;Conducente;M;Illeso;0;;Non accertato;Inesploso
3676076;10;06/02/2018 17:30;Strada Urbana;VIA DEI SETTE METRI;in corrispondenza;;del civico n.;40;;Scontro frontale/laterale DX fra veicoli in marcia;Rettilineo;Una carreggiata a doppio senso;Asciutto;Asfaltata;Verticale ed orizzontale;Sereno;Normale;Buona;Ore Diurne;1;0;0;2;12,6082;41,81664;-1;1;Autovettura privata;In marcia / fermata / arresto;Passeggero;F;Rimandato;0;NON DECEDUTO;Non accertato;Esploso
3676076;10;06/02/2018 17:30;Strada Urbana;VIA DEI SETTE METRI;in corrispondenza;;del civico n.;40;;Scontro frontale/laterale DX fra veicoli in marcia;Rettilineo;Una carreggiata a doppio senso;Asciutto;Asfaltata;Verticale ed orizzontale;Sereno;Normale;Buona;Ore Diurne;1;0;0;2;12,6082;41,81664;-1;2;Autovettura privata;In marcia / fermata / arresto;Conducente;M;Illeso;0;;Non accertato;Inesploso
3676077;8;08/02/2018 09:05;;VIA DI TOR BELLA MONACA;da specificare;;;;dir. GRA alt. Ponte Anderloni;Veicolo in marcia contro ostacolo accidentale;;;;;;;;;;0;0;0;1;;;0;1;Autovettura privata;In marcia / fermata / arresto;Conducente;M;Illeso;0;;;
3676083;8;08/02/2018 19:10;Strada Urbana;VIA DI VERMICINO;in corrispondenza;;del civico n.;149;;Tamponamento Multiplo;Rettilineo;Una carreggiata a doppio senso;Asciutto;Asfaltata;Verticale ed orizzontale;Nuvoloso;Normale;Buona;Sufficiente;0;0;0;3;12,67494;41,85421;-1;1;Autovettura privata;In marcia / fermata / arresto;Conducente;M;Illeso;0;;Non accertato;Inesploso
3676083;8;08/02/2018 19:10;Strada Urbana;VIA DI VERMICINO;in corrispondenza;;del civico n.;149;;Tamponamento Multiplo;Rettilineo;Una carreggiata a doppio senso;Asciutto;Asfaltata;Verticale ed orizzontale;Nuvoloso;Normale;Buona;Sufficiente;0;0;0;3;12,67494;41,85421;-1;2;Autovettura privata;In marcia / fermata / arresto;Conducente;M;Illeso;0;;Non accertato;Inesploso
3676083;8;08/02/2018 19:10;Strada Urbana;VIA DI VERMICINO;in corrispondenza;;del civico n.;149;;Tamponamento Multiplo;Rettilineo;Una carreggiata a doppio senso;Asciutto;Asfaltata;Verticale ed orizzontale;Nuvoloso;Normale;Buona;Sufficiente;0;0;0;3;12,67494;41,85421;-1;3;Autovettura privata;In marcia / fermata / arresto;Conducente;M;Illeso;0;;Non accertato;Inesploso
3676085;8;08/02/2018 06:00;Strada Urbana;VIA DI TORRENOVA;all'intersezione con;VIA MAGLIE;VIA MAGLIE;;;Scontro laterale fra veicoli in marcia;Incrocio;Una carreggiata a doppio senso;Bagnato (umidità in atto);Asfaltata;Assente;Nuvoloso;Scarso;Sufficiente;Sufficiente;0;0;0;2;12,61853;41,87754;-1;1;Autovettura privata;In marcia / fermata / arresto;Conducente;F;Illeso;0;;;
3676085;8;08/02/2018 06:00;Strada Urbana;VIA DI TORRENOVA;all'intersezione con;VIA MAGLIE;VIA MAGLIE;;;Scontro laterale fra veicoli in marcia;Incrocio;Una carreggiata a doppio senso;Bagnato (umidità in atto);Asfaltata;Assente;Nuvoloso;Scarso;Sufficiente;Sufficiente;0;0;0;2;12,61853;41,87754;-1;2;Autovettura privata;In marcia / fermata / arresto;Conducente;M;Illeso;0;;;Inesploso
3676087;15;08/02/2018 11:00;Strada Urbana;PIAZZA DELLA RADIO;in corrispondenza;;del civico n.;42;;Tamponamento;Rettilineo;Più di due carreggiate;Asciutto;Asfaltata;Assente;Sereno;Normale;Buona;Ore Diurne;0;0;0;3;12,46666;41,86971;-1;1;Autovettura privata;In marcia / fermata / arresto;Conducente;M;Illeso;0;;;
3676087;15;08/02/2018 11:00;Strada Urbana;PIAZZA DELLA RADIO;in corrispondenza;;del civico n.;42;;Tamponamento;Rettilineo;Più di due carreggiate;Asciutto;Asfaltata;Assente;Sereno;Normale;Buona;Ore Diurne;0;0;0;3;12,46666;41,86971;-1;2;Autovettura privata;In marcia / fermata / arresto;Conducente;M;Illeso;0;;;
3676087;15;08/02/2018 11:00;Strada Urbana;PIAZZA DELLA RADIO;in corrispondenza;;del civico n.;42;;Tamponamento;Rettilineo;Più di due carreggiate;Asciutto;Asfaltata;Assente;Sereno;Normale;Buona;Ore Diurne;0;0;0;3;12,46666;41,86971;-1;2;Autovettura privata;In marcia / fermata / arresto;Passeggero;F;Illeso;0;;;
3676088;8;08/02/2018 12:50;Strada Urbana;VIA DEL FUOCO SACRO;da specificare;;;;inters. rampa uscita proven. Via Tor Bella Monaca;Scontro frontale/laterale SX fra veicoli in marcia;Rettilineo;Una carreggiata a doppio senso;Asciutto;Asfaltata;Verticale ed orizzontale;Nuvoloso;Normale;Buona;Ore Diurne;0;0;0;2;12,64137;41,86489;-1;1;Autovettura privata;In marcia / fermata / arresto;Conducente;F;Illeso;0;;;
3676088;8;08/02/2018 12:50;Strada Urbana;VIA DEL FUOCO SACRO;da specificare;;;;inters. rampa uscita proven. Via Tor Bella Monaca;Scontro frontale/laterale SX fra veicoli in marcia;Rettilineo;Una carreggiata a doppio senso;Asciutto;Asfaltata;Verticale ed orizzontale;Nuvoloso;Normale;Buona;Ore Diurne;0;0;0;2;12,64137;41,86489;-1;2;Autovettura privata;In marcia / fermata / arresto;Conducente;F;Illeso;0;;Non accertato;Inesploso
3676090;13;08/02/2018 20:10;Strada Urbana;VIADOTTO ZELIA NUTTALL;da specificare;;;;rampa dir. via Charles Lenormant prov. Ostiense;Veicolo in marcia contro ostacolo accidentale;Cavalcavia;Una carreggiata a senso unico di marcia;Bagnato (pioggia);Asfaltata;Assente;Nuvoloso;Normale;Insufficiente;Inesistente;0;0;0;2;12,3366;41,77444;-1;1;Autovettura privata;In marcia / fermata / arresto;Conducente;M;Illeso;0;;Non accertato;Inesploso
3676090;13;08/02/2018 20:10;Strada Urbana;VIADOTTO ZELIA NUTTALL;da specificare;;;;rampa dir. via Charles Lenormant prov. Ostiense;Veicolo in marcia contro ostacolo accidentale;Cavalcavia;Una carreggiata a senso unico di marcia;Bagnato (pioggia);Asfaltata;Assente;Nuvoloso;Normale;Insufficiente;Inesistente;0;0;0;2;12,3366;41,77444;-1;1;Autovettura privata;In marcia / fermata / arresto;Passeggero;F;Illeso;0;;Non accertato;Inesploso
3676099;20;08/02/2018 14:10;Regionale entro l'abitato;VIA CASSIA;da specificare;;;;prossimità Km. 8 pietra miliare;Investimento di pedone;Rettilineo;Una carreggiata a doppio senso;Asciutto;Asfaltata;Verticale ed orizzontale;Nuvoloso;Intenso;Buona;Ore Diurne;1;0;0;4;12,41323;41,98292;-1;;;;Pedone;F;Rimandato;0;NON DECEDUTO;;
3676099;20;08/02/2018 14:10;Regionale entro l'abitato;VIA CASSIA;da specificare;;;;prossimità Km. 8 pietra miliare;Investimento di pedone;Rettilineo;Una carreggiata a doppio senso;Asciutto;Asfaltata;Verticale ed orizzontale;Nuvoloso;Intenso;Buona;Ore Diurne;1;0;0;4;12,41323;41,98292;-1;1;Autovettura privata;In marcia / fermata / arresto;Conducente;M;Illeso;0;;;
3676099;20;08/02/2018 14:10;Regionale entro l'abitato;VIA CASSIA;da specificare;;;;prossimità Km. 8 pietra miliare;Investimento di pedone;Rettilineo;Una carreggiata a doppio senso;Asciutto;Asfaltata;Verticale ed orizzontale;Nuvoloso;Intenso;Buona;Ore Diurne;1;0;0;4;12,41323;41,98292;-1;1;Autovettura privata;In marcia / fermata / arresto;Passeggero;F;Illeso;0;;Non accertato;Inesploso
3676099;20;08/02/2018 14:10;Regionale entro l'abitato;VIA CASSIA;da specificare;;;;prossimità Km. 8 pietra miliare;Investimento di pedone;Rettilineo;Una carreggiata a doppio senso;Asciutto;Asfaltata;Verticale ed orizzontale;Nuvoloso;Intenso;Buona;Ore Diurne;1;0;0;4;12,41323;41,98292;-1;2;Motociclo con passeggero;In marcia / fermata / arresto;Conducente;M;Illeso;0;;Non accertato;
3676099;20;08/02/2018 14:10;Regionale entro l'abitato;VIA CASSIA;da specificare;;;;prossimità Km. 8 pietra miliare;Investimento di pedone;Rettilineo;Una carreggiata a doppio senso;Asciutto;Asfaltata;Verticale ed orizzontale;Nuvoloso;Intenso;Buona;Ore Diurne;1;0;0;4;12,41323;41,98292;-1;2;Motociclo con passeggero;In marcia / fermata / arresto;Passeggero;M;Illeso;0;;;
3676109;20;08/02/2018 10:30;Strada Urbana;VIA VITORCHIANO;in corrispondenza;;del civico n.;115;;Veicolo in marcia contro veicolo fermo;Rettilineo;Una carreggiata a doppio senso;Bagnato (umidità in atto);Asfaltata;Assente;Nuvoloso;Normale;Buona;Ore Diurne;0;0;0;3;12,48821;41,9596;-1;1;Autovettura pubblica;In marcia / fermata / arresto;Conducente;M;Illeso;0;;Non accertato;