Protocollo;Gruppo;DataOraIncidente;Localizzazione1;STRADA1;Localizzazione2;STRADA2;Strada02;Chilometrica;DaSpecificare;NaturaIncidente;particolaritastrade;TipoStrada;FondoStradale;Pavimentazione;Segnaletica;CondizioneAtmosferica;Traffico;Visibilita;Illuminazione;NUM_FERITI;NUM_RISERVATA;NUM_MORTI;NUM_ILLESI;Longitudine;Latitudine;Confermato;Progressivo;TipoVeicolo;StatoVeicolo;TipoPersona;Sesso;Tipolesione;Deceduto;DecedutoDopo;CinturaCascoUtilizzato;Airbag
3680088;13;11/02/2018 16:15;Strada Urbana;VIA DELLA MARTINICA;da specificare;;;;fronte civico 67;Scontro frontale/laterale DX fra veicoli in marcia;Rettilineo;Una carreggiata a senso unico di marcia;Asciutto;Asfaltata;Assente;Sereno;Scarso;Buona;Ore Diurne;0;0;0;5;12,26127;41,74044;-1;1;Autovettura privata;In marcia / fermata / arresto;Passeggero;M;Illeso;0;;Non accertato;Inesploso
3680088;13;11/02/2018 16:15;Strada Urbana;VIA DELLA MARTINICA;da specificare;;;;fronte civico 67;Scontro frontale/laterale DX fra veicoli in marcia;Rettilineo;Una carreggiata a senso unico di marcia;Asciutto;Asfaltata;Assente;Sereno;Scarso;Buona;Ore Diurne;0;0;0;5;12,26127;41,74044;-1;2;Autovettura privata;In marcia / fermata / arresto;Conducente;M;Illeso;0;;Non accertato;Inesploso
3680088;13;11/02/2018 16:15;Strada Urbana;VIA DELLA MARTINICA;da specificare;;;;fronte civico 67;Scontro frontale/laterale DX fra veicoli in marcia;Rettilineo;Una carreggiata a senso unico di marcia;Asciutto;Asfaltata;Assente;Sereno;Scarso;Buona;Ore Diurne;0;0;0;5;12,26127;41,74044;-1;2;Autovettura privata;In marcia / fermata / arresto;Passeggero;M;Illeso;0;;Non accertato;Inesploso
3680108;17;10/02/2018 05:00;Strada Urbana;VIA TRIONFALE;all'intersezione con;VIA PREMUDA;VIA PREMUDA;;;Veicolo in marcia contro veicolo fermo;Intersezione stradale segnalata;Una carreggiata a doppio senso;Asciutto;Asfaltata;Verticale ed orizzontale;Sereno;Scarso;Sufficiente;Sufficiente;0;0;0;2;12,42294;41,94086;-1;1;Autovettura privata;In marcia / fermata / arresto;Conducente;M;Illeso;0;;;
3680108;17;10/02/2018 05:00;Strada Urbana;VIA TRIONFALE;all'intersezione con;VIA PREMUDA;VIA PREMUDA;;;Veicolo in marcia contro veicolo fermo;Intersezione stradale segnalata;Una carreggiata a doppio senso;Asciutto;Asfaltata;Verticale ed orizzontale;Sereno;Scarso;Sufficiente;Sufficiente;0;0;0;2;12,42294;41,94086;-1;2;Autovettura privata;In marcia / fermata / arresto;Conducente;M;Illeso;0;;;
3680116;12;09/02/2018 14:00;Provinciale;VIA ARDEATINA;in prossimità;;del civico n.;1274;;Veicolo in marcia contro veicolo fermo;Rettilineo;Una carreggiata a doppio senso;Asciutto;Asfaltata;Verticale ed orizzontale;Sereno;Normale;Buona;Ore Diurne;0;0;0;4;12,55271;41,77212;-1;1;Autovettura privata;In marcia / fermata / arresto;Conducente;M;Illeso;0;;;
3680116;12;09/02/2018 14:00;Provinciale;VIA ARDEATINA;in prossimità;;del civico n.;1274;;Veicolo in marcia contro veicolo fermo;Rettilineo;Una carreggiata a doppio senso;Asciutto;Asfaltata;Verticale ed orizzontale;Sereno;Normale;Buona;Ore Diurne;0;0;0;4;12,55271;41,77212;-1;1;Autovettura privata;In marcia / fermata / arresto;Passeggero;F;Illeso;0;;;
3680116;12;09/02/2018 14:00;Provinciale;VIA ARDEATINA;in prossimità;;del civico n.;1274;;Veicolo in marcia contro veicolo fermo;Rettilineo;Una carreggiata a doppio senso;Asciutto;Asfaltata;Verticale ed orizzontale;Sereno;Normale;Buona;Ore Diurne;0;0;0;4;12,55271;41,77212;-1;2;Autovettura privata;In marcia / fermata / arresto;Conducente;F;Illeso;0;;Utilizzato;Inesploso
3680116;12;09/02/2018 14:00;Provinciale;VIA ARDEATINA;in prossimità;;del civico n.;1274;;Veicolo in marcia contro veicolo fermo;Rettilineo;Una carreggiata a doppio senso;Asciutto;Asfaltata;Verticale ed orizzontale;Sereno;Normale;Buona;Ore Diurne;0;0;0;4;12,55271;41,77212;-1;2;Autovettura privata;In marcia / fermata / arresto;Passeggero;F;Illeso;0;;Utilizzato;Inesploso
3680123;17;12/02/2018 09:50;Strada Urbana;VIA MONTELLO;in corrispondenza;;del civico n.;22;;Investimento di pedone;Rettilineo;Una carreggiata a doppio senso;Bagnato (pioggia);Asfaltata;Verticale ed orizzontale;Pioggia in atto;Normale;Buona;Ore Diurne;0;0;0;1;12,46309;41,91848;0;1;Motociclo a solo;In marcia / fermata / arresto;Conducente;M;Illeso;0;;;
3680141;3;09/02/2018 11:30;Strada Urbana;VIALE REGINA ELENA;da specificare;;;;fronte civico 324;Veicolo in marcia contro veicolo in sosta;Rettilineo;Più di due carreggiate;Asciutto;Asfaltata;Verticale ed orizzontale;Sereno;Normale;Buona;Insufficiente;0;0;0;1;12,51545;41,90577;-1;1;Autovettura privata;In marcia / fermata / arresto;Conducente;M;Illeso;0;;Non accertato;Inesploso
3680155;18;10/02/2018 09:00;Strada Urbana;VIA AURELIA;all'intersezione semaforizzata con;LARGO TOMASO PERASSI;LARGO TOMASO PERASSI;;;Tamponamento;Intersezione semaforizzata;Due carreggiate;Asciutto;Asfaltata;Verticale ed orizzontale;Sereno;Normale;Buona;Ore Diurne;0;0;0;4;12,38873;41,88752;-1;1;Autovettura privata;In marcia / fermata / arresto;Conducente;M;Illeso;0;;;
3680155;18;10/02/2018 09:00;Strada Urbana;VIA AURELIA;all'intersezione semaforizzata con;LARGO TOMASO PERASSI;LARGO TOMASO PERASSI;;;Tamponamento;Intersezione semaforizzata;Due carreggiate;Asciutto;Asfaltata;Verticale ed orizzontale;Sereno;Normale;Buona;Ore Diurne;0;0;0;4;12,38873;41,88752;-1;1;Autovettura privata;In marcia / fermata / arresto;Passeggero;M;Illeso;0;;;
3680155;18;10/02/2018 09:00;Strada Urbana;VIA AURELIA;all'intersezione semaforizzata con;LARGO TOMASO PERASSI;LARGO TOMASO PERASSI;;;Tamponamento;Intersezione semaforizzata;Due carreggiate;Asciutto;Asfaltata;Verticale ed orizzontale;Sereno;Normale;Buona;Ore Diurne;0;0;0;4;12,38873;41,88752;-1;1;Autovettura privata;In marcia / fermata / arresto;Passeggero;F;Illeso;0;;;
3680155;18;10/02/2018 09:00;Strada Urbana;VIA AURELIA;all'intersezione semaforizzata con;LARGO TOMASO PERASSI;LARGO TOMASO PERASSI;;;Tamponamento;Intersezione semaforizzata;Due carreggiate;Asciutto;Asfaltata;Verticale ed orizzontale;Sereno;Normale;Buona;Ore Diurne;0;0;0;4;12,38873;41,88752;-1;2;Autovettura privata;In marcia / fermata / arresto;Conducente;M;Illeso;0;;;
3680156;3;08/02/2018 19:10;Strada Urbana;Tangenziale Est direzione S. Giovanni;da specificare;;;;prossimità confluenza vecchia e nuova tangenziale;Scontro laterale fra veicoli in marcia;Curva a visuale libera;Una carreggiata a senso unico di marcia;Asciutto;Asfaltata;Verticale ed orizzontale;Nuvoloso;Intenso;Buona;Ore Diurne;0;0;0;4;12,49637;41,90278;-1;1;Autovettura privata;In marcia / fermata / arresto;Conducente;M;Illeso;0;;Non accertato;Inesploso
3680156;3;08/02/2018 19:10;Strada Urbana;Tangenziale Est direzione S. Giovanni;da specificare;;;;prossimità confluenza vecchia e nuova tangenziale;Scontro laterale fra veicoli in marcia;Curva a visuale libera;Una carreggiata a senso unico di marcia;Asciutto;Asfaltata;Verticale ed orizzontale;Nuvoloso;Intenso;Buona;Ore Diurne;0;0;0;4;12,49637;41,90278;-1;1;Autovettura privata;In marcia / fermata / arresto;Passeggero;M;Illeso;0;;Non accertato;Inesploso
3680156;3;08/02/2018 19:10;Strada Urbana;Tangenziale Est direzione S. Giovanni;da specificare;;;;prossimità confluenza vecchia e nuova tangenziale;Scontro laterale fra veicoli in marcia;Curva a visuale libera;Una carreggiata a senso unico di marcia;Asciutto;Asfaltata;Verticale ed orizzontale;Nuvoloso;Intenso;Buona;Ore Diurne;0;0;0;4;12,49637;41,90278;-1;2;Altro;In marcia / fermata / arresto;Conducente;M;Illeso;0;;Non accertato;Inesploso
3680156;3;08/02/2018 19:10;Strada Urbana;Tangenziale Est direzione S. Giovanni;da specificare;;;;prossimità confluenza vecchia e nuova tangenziale;Scontro laterale fra veicoli in marcia;Curva a visuale libera;Una carreggiata a senso unico di marcia;Asciutto;Asfaltata;Verticale ed orizzontale;Nuvoloso;Intenso;Buona;Ore Diurne;0;0;0;4;12,49637;41,90278;-1;2;Altro;In marcia / fermata / arresto;Passeggero;M;Illeso;0;;Non accertato;Inesploso
3680169;9;12/02/2018 10:30;Strada Urbana;VIA ROCCA PRIORA;in prossimità;;del civico n.;32;;Investimento di pedone;Rettilineo;Una carreggiata a senso unico di marcia;Bagnato (pioggia);Asfaltata;Orizzontale;Pioggia in atto;Normale;Buona;Ore Diurne;1;0;0;1;12,53105;41,8703;-1;;;;Pedone;F;Rimandato;0;NON DECEDUTO;;
3680169;9;12/02/2018 10:30;Strada Urbana;VIA ROCCA PRIORA;in prossimità;;del civico n.;32;;Investimento di pedone;Rettilineo;Una carreggiata a senso unico di marcia;Bagnato (pioggia);Asfaltata;Orizzontale;Pioggia in atto;Normale;Buona;Ore Diurne;1;0;0;1;12,53105;41,8703;-1;1;Autocarro inferiore 35 q.;In marcia / fermata / arresto;Conducente;M;Illeso;0;;Non accertato;Inesploso
3680176;13;10/02/2018 13:55;Strada Urbana;VIALE DI CASTEL PORZIANO;all'intersezione con;VIA PINZOLO;VIA PINZOLO;;;Scontro laterale fra veicoli in marcia;Incrocio;Una carreggiata a doppio senso;Asciutto;Asfaltata;Assente;Sereno;Scarso;Buona;Ore Diurne;0;0;0;4;12,36946;41,73672;-1;1;Autovettura privata;In marcia / fermata / arresto;Conducente;F;Illeso;0;;Non accertato;Inesploso
3680176;13;10/02/2018 13:55;Strada Urbana;VIALE DI CASTEL PORZIANO;all'intersezione con;VIA PINZOLO;VIA PINZOLO;;;Scontro laterale fra veicoli in marcia;Incrocio;Una carreggiata a doppio senso;Asciutto;Asfaltata;Assente;Sereno;Scarso;Buona;Ore Diurne;0;0;0;4;12,36946;41,73672;-1;1;Autovettura privata;In marcia / fermata / arresto;Passeggero;F;Illeso;0;;Non accertato;Inesploso
3680176;13;10/02/2018 13:55;Strada Urbana;VIALE DI CASTEL PORZIANO;all'intersezione con;VIA PINZOLO;VIA PINZOLO;;;Scontro laterale fra veicoli in marcia;Incrocio;Una carreggiata a doppio senso;Asciutto;Asfaltata;Assente;Sereno;Scarso;Buona;Ore Diurne;0;0;0;4;12,36946;41,73672;-1;2;Autovettura privata;In marcia / fermata / arresto;Conducente;F;Illeso;0;;Non accertato;Inesploso
3680176;13;10/02/2018 13:55;Strada Urbana;VIALE DI CASTEL PORZIANO;all'intersezione con;VIA PINZOLO;VIA PINZOLO;;;Scontro laterale fra veicoli in marcia;Incrocio;Una carreggiata a doppio senso;Asciutto;Asfaltata;Assente;Sereno;Scarso;Buona;Ore Diurne;0;0;0;4;12,36946;41,73672;-1;2;Autovettura privata;In marcia / fermata / arresto;Passeggero;M;Illeso;0;;Non accertato;Inesploso
3680179;1;11/02/2018 04:15;Statale;VIALE CASTRO PRETORIO;all'intersezione con;VIA DEL CASTRO PRETORIO;VIA DEL CASTRO PRETORIO;;;Scontro laterale fra veicoli in marcia;Intersezione stradale segnalata;Una carreggiata a doppio senso;;Sterrata;Orizzontale;Grandine in atto;Scarso;Sufficiente;Sufficiente;0;0;0;3;12,5057;41,90179;-1;1;Autovettura privata;In marcia / fermata / arresto;Conducente;M;Illeso;0;;;
3680179;1;11/02/2018 04:15;Statale;VIALE CASTRO PRETORIO;all'intersezione con;VIA DEL CASTRO PRETORIO;VIA DEL CASTRO PRETORIO;;;Scontro laterale fra veicoli in marcia;Intersezione stradale segnalata;Una carreggiata a doppio senso;;Sterrata;Orizzontale;Grandine in atto;Scarso;Sufficiente;Sufficiente;0;0;0;3;12,5057;41,90179;-1;1;Autovettura privata;In marcia / fermata / arresto;Passeggero;F;Illeso;0;;;
3680179;1;11/02/2018 04:15;Statale;VIALE CASTRO PRETORIO;all'intersezione con;VIA DEL CASTRO PRETORIO;VIA DEL CASTRO PRETORIO;;;Scontro laterale fra veicoli in marcia;Intersezione stradale segnalata;Una carreggiata a doppio senso;;Sterrata;Orizzontale;Grandine in atto;Scarso;Sufficiente;Sufficiente;0;0;0;3;12,5057;41,90179;-1;2;Autovettura privata;In marcia / fermata / arresto;Conducente;M;Illeso;0;;;
3680184;12;10/02/2018 04:15;Regionale;VIA PONTINA;all'intersezione con;VIA CRISTOFORO COLOMBO;VIA CRISTOFORO COLOMBO;;;Scontro laterale fra veicoli in marcia;Incrocio;Due carreggiate;Asciutto;Asfaltata;Verticale ed orizzontale;Sereno;Scarso;Buona;Sufficiente;0;0;0;1;12,79855;41,5088;-1;1;Autovettura privata;In marcia / fermata / arresto;Conducente;F;Illeso;0;;;
3680185;12;09/02/2018 16:30;Strada Urbana;VIA DI PORTA MEDAGLIA;in prossimità;;del civico n.;156;;Veicolo in marcia contro ostacolo fisso;Rettilineo;Una carreggiata a doppio senso;Asciutto;Asfaltata;Assente;Sereno;Normale;Buona;Ore Diurne;0;0;0;1;12,52996;41,75666;-1;1;Autovettura privata;In marcia / fermata / arresto;Conducente;M;Illeso;0;;Non accertato;Inesploso
3680191;18;10/02/2018 09:40;Strada Urbana;VIA DEI CASALI SANTOVETTI;in prossimità;;del civico n.;36;;Veicolo in marcia contro ostacolo accidentale;Rettilineo;Una carreggiata a doppio senso;Asciutto;Asfaltata;Assente;Sereno;Scarso;Buona;Ore Diurne;0;0;0;1;12,4045;41,88959;-1;1;Autovettura privata;In marcia / fermata / arresto;Conducente;M;Illeso;0;;;
3680201;1;09/02/2018 18:40;Strada Urbana;PIAZZA DELL'ESQUILINO;in corrispondenza;;del civico n.;9;;Tamponamento;Rettilineo;Una carreggiata a senso unico di marcia;Asciutto;Asfaltata;Verticale ed orizzontale;Sereno;Normale;Buona;Sufficiente;1;0;0;2;12,49793;41,89842;-1;1;Autovettura privata;In marcia / fermata / arresto;Conducente;M;Illeso;0;;Non accertato;Inesploso
3680201;1;09/02/2018 18:40;Strada Urbana;PIAZZA DELL'ESQUILINO;in corrispondenza;;del civico n.;9;;Tamponamento;Rettilineo;Una carreggiata a senso unico di marcia;Asciutto;Asfaltata;Verticale ed orizzontale;Sereno;Normale;Buona;Sufficiente;1;0;0;2;12,49793;41,89842;-1;1;Autovettura privata;In marcia / fermata / arresto;Passeggero;F;Rifiuta cure immediate;0;NON DECEDUTO;Non accertato;Inesploso
3680201;1;09/02/2018 18:40;Strada Urbana;PIAZZA DELL'ESQUILINO;in corrispondenza;;del civico n.;9;;Tamponamento;Rettilineo;Una carreggiata a senso unico di marcia;Asciutto;Asfaltata;Verticale ed orizzontale;Sereno;Normale;Buona;Sufficiente;1;0;0;2;12,49793;41,89842;-1;2;Autovettura privata;In marcia / fermata / arresto;Conducente;F;Illeso;0;;Non accertato;Inesploso
3680204;18;10/02/2018 13:00;Strada Urbana;CIRCONVALLAZIONE CORNELIA;in corrispondenza;;del civico n.;125;;Veicolo in marcia contro veicolo in sosta;Rettilineo;Più di due carreggiate;Asciutto;Asfaltata;Verticale ed orizzontale;Sereno;Scarso;Buona;Ore Diurne;0;0;0;3;12,42503;41,90288;-1;1;Autovettura privata;In marcia / fermata / arresto;Conducente;M;Illeso;0;;Non accertato;Inesploso
3680204;18;10/02/2018 13:00;Strada Urbana;CIRCONVALLAZIONE CORNELIA;in corrispondenza;;del civico n.;125;;Veicolo in marcia contro veicolo in sosta;Rettilineo;Più di due carreggiate;Asciutto;Asfaltata;Verticale ed orizzontale;Sereno;Scarso;Buona;Ore Diurne;0;0;0;3;12,42503;41,90288;-1;2;Autovettura privata;Sosta;Passeggero;F;Illeso;0;;;
3680204;18;10/02/2018 13:00;Strada Urbana;CIRCONVALLAZIONE CORNELIA;in corrispondenza;;del civico n.;125;;Veicolo in marcia contro veicolo in sosta;Rettilineo;Più di due carreggiate;Asciutto;Asfaltata;Verticale ed orizzontale;Sereno;Scarso;Buona;Ore Diurne;0;0;0;3;12,42503;41,90288;-1;2;Autovettura privata;Sosta;Passeggero;F;Illeso;0;;;
3680216;18;10/02/2018 17:00;Strada Urbana;VIA DI BOCCEA;in prossimità;;del civico n.;506;;Veicolo in marcia contro ostacolo accidentale;Rettilineo;Due carreggiate;Asciutto;Con buche;Orizzontale;Sereno;Normale;Sufficiente;Ore Diurne;0;0;0;1;12,34301;41,93184;-1;1;Autovettura privata;In marcia / fermata / arresto;Conducente;M;Illeso;0;;Non accertato;Inesploso
3680232;18;11/02/2018 08:05;Strada Urbana;VIA ANASTASIO II;da specificare;;;;prossimità metro;Scontro laterale fra veicoli in marcia;Pendenza;Due carreggiate;Asciutto;Asfaltata;Verticale ed orizzontale;Sereno;Scarso;Buona;Ore Diurne;0;0;0;2;12,44248;41,89993;-1;1;Autovettura privata;In marcia / fermata / arresto;Conducente;M;Illeso;0;;Non accertato;Inesploso
3680232;18;11/02/2018 08:05;Strada Urbana;VIA ANASTASIO II;da specificare;;;;prossimità metro;Scontro laterale fra veicoli in marcia;Pendenza;Due carreggiate;Asciutto;Asfaltata;Verticale ed orizzontale;Sereno;Scarso;Buona;Ore Diurne;0;0;0;2;12,44248;41,89993;-1;2;Autovettura privata;In marcia / fermata / arresto;Conducente;M;Illeso;0;;Non accertato;Inesploso
3680236;18;12/02/2018 11:30;Strada Urbana;VIA DELLA RISERVA DELL'ALBACETO;all'intersezione con;VIA AURELIA;VIA AURELIA;;;Scontro frontale fra veicoli in marcia;Intersezione stradale segnalata;Due carreggiate;Bagnato (pioggia);Asfaltata;Verticale ed orizzontale;Pioggia in atto;Normale;Buona;Ore Diurne;0;0;0;2;12,34708;41,88402;-1;1;Autovettura privata;In marcia / fermata / arresto;Conducente;M;Illeso;0;;Non accertato;
3680236;18;12/02/2018 11:30;Strada Urbana;VIA DELLA RISERVA DELL'ALBACETO;all'intersezione con;VIA AURELIA;VIA AURELIA;;;Scontro frontale fra veicoli in marcia;Intersezione stradale segnalata;Due carreggiate;Bagnato (pioggia);Asfaltata;Verticale ed orizzontale;Pioggia in atto;Normale;Buona;Ore Diurne;0;0;0;2;12,34708;41,88402;-1;2;Autovettura privata;In marcia / fermata / arresto;Conducente;M;Illeso;0;;Non accertato;Inesploso
3680241;12;10/02/2018 20:50;Provinciale;VIA DI PRATICA;da specificare;;;;prossimità Via di Castel Romano;Veicolo in marcia contro ostacolo accidentale;Rettilineo;Una carreggiata a doppio senso;Asciutto;Asfaltata;Verticale ed orizzontale;Sereno;Normale;Insufficiente;Inesistente;0;0;0;1;12,42761;41,70608;-1;1;Autovettura privata;In marcia / fermata / arresto;Conducente;M;Illeso;0;;Non accertato;Inesploso
3680248;18;11/02/2018 12:15;Strada Urbana;VIA DI BOCCEA;in prossimità;;del civico n.;478;;Tamponamento;Curva a visuale libera;Due carreggiate;Asciutto;Asfaltata;Verticale ed orizzontale;Sereno;Normale;Buona;Ore Diurne;0;0;0;6;12,39767;41,91205;-1;1;Autocarro inferiore 35 q.;In marcia / fermata / arresto;Conducente;M;Illeso;0;;Non accertato;Inesistente
3680248;18;11/02/2018 12:15;Strada Urbana;VIA DI BOCCEA;in prossimità;;del civico n.;478;;Tamponamento;Curva a visuale libera;Due carreggiate;Asciutto;Asfaltata;Verticale ed orizzontale;Sereno;Normale;Buona;Ore Diurne;0;0;0;6;12,39767;41,91205;-1;2;Autovettura privata;In marcia / fermata / arresto;Conducente;F;Illeso;0;;Non accertato;Inesploso
3680248;18;11/02/2018 12:15;Strada Urbana;VIA DI BOCCEA;in prossimità;;del civico n.;478;;Tamponamento;Curva a visuale libera;Due carreggiate;Asciutto;Asfaltata;Verticale ed orizzontale;Sereno;Normale;Buona;Ore Diurne;0;0;0;6;12,39767;41,91205;-1;2;Autovettura privata;In marcia / fermata / arresto;Passeggero;M;Illeso;0;;Non accertato;Inesploso
3680248;18;11/02/2018 12:15;Strada Urbana;VIA DI BOCCEA;in prossimità;;del civico n.;478;;Tamponamento;Curva a visuale libera;Due carreggiate;Asciutto;Asfaltata;Verticale ed orizzontale;Sereno;Normale;Buona;Ore Diurne;0;0;0;6;12,39767;41,91205;-1;2;Autovettura privata;In marcia / fermata / arresto;Passeggero;F;Illeso;0;;Non accertato;Inesistente
3680248;18;11/02/2018 12:15;Strada Urbana;VIA DI BOCCEA;in prossimità;;del civico n.;478;;Tamponamento;Curva a visuale libera;Due carreggiate;Asciutto;Asfaltata;Verticale ed orizzontale;Sereno;Normale;Buona;Ore Diurne;0;0;0;6;12,39767;41,91205;-1;2;Autovettura privata;In marcia / fermata / arresto;Passeggero;F;Illeso;0;;Non accertato;Inesistente
3680248;18;11/02/2018 12:15;Strada Urbana;VIA DI BOCCEA;in prossimità;;del civico n.;478;;Tamponamento;Curva a visuale libera;Due carreggiate;Asciutto;Asfaltata;Verticale ed orizzontale;Sereno;Normale;Buona;Ore Diurne;0;0;0;6;12,39767;41,91205;-1;2;Autovettura privata;In marcia / fermata / arresto;Passeggero;M;Illeso;0;;Non accertato;Inesistente
3680276;5;12/02/2018 10:30;Strada Urbana;NUOVA CIRCONVALLAZIONE INTERNA;da specificare;;;;dir. via Salaria pross. accesso da Staz. Tiburtina;Tamponamento;Galleria illuminata;Una carreggiata a senso unico di marcia;Asciutto;Asfaltata;Verticale ed orizzontale;Nuvoloso;Normale;Buona;Sufficiente;1;0;0;1;12,53096;41,91389;-1;1;Autovettura privata;In marcia / fermata / arresto;Conducente;M;Illeso;0;;Non accertato;
3680276;5;12/02/2018 10:30;Strada Urbana;NUOVA CIRCONVALLAZIONE INTERNA;da specificare;;;;dir. via Salaria pross. accesso da Staz. Tiburtina;Tamponamento;Galleria illuminata;Una carreggiata a senso unico di marcia;Asciutto;Asfaltata;Verticale ed orizzontale;Nuvoloso;Normale;Buona;Sufficiente;1;0;0;1;12,53096;41,91389;-1;2;Autocarro inferiore 35 q.;In marcia / fermata / arresto;Conducente;M;Rimandato;0;NON DECEDUTO;Non accertato;
3680283;18;12/02/2018 06:00;Strada Urbana;VIA AURELIA;in prossimità;;del civico n.;450;;Veicolo in marcia contro veicolo in sosta;Rettilineo;Due carreggiate;Asciutto;Asfaltata;Verticale ed orizzontale;Sereno;Scarso;Buona;Sufficiente;1;0;0;0;12,42616;41,89881;-1;1;Autovettura privata;In marcia / fermata / arresto;Conducente;F;Rifiuta cure immediate;0;NON DECEDUTO;Non accertato;Inesistente
3680287;12;10/02/2018 16:00;Strada Urbana;VIALE DELLA CIVILTA' DEL LAVORO;all'intersezione con;VIA CRISTOFORO COLOMBO;VIA CRISTOFORO COLOMBO;;;Scontro frontale/laterale SX fra veicoli in marcia;Incrocio;Una carreggiata a doppio senso;Asciutto;Asfaltata;Verticale ed orizzontale;Sereno;Normale;Buona;Ore Diurne;0;1;0;1;12,47034;41,83525;-1;1;Autovettura privata;In marcia / fermata / arresto;Conducente;F;Illeso;0;;Non accertato;Inesploso
3680287;12;10/02/2018 16:00;Strada Urbana;VIALE DELLA CIVILTA' DEL LAVORO;all'intersezione con;VIA CRISTOFORO COLOMBO;VIA CRISTOFORO COLOMBO;;;Scontro frontale/laterale SX fra veicoli in marcia;Incrocio;Una carreggiata a doppio senso;Asciutto;Asfaltata;Verticale ed orizzontale;Sereno;Normale;Buona;Ore Diurne;0;1;0;1;12,47034;41,83525;-1;2;Motociclo a solo;In marcia / fermata / arresto;Conducente;M;Prognosi riservata;0;NON DECEDUTO;Non accertato;
3680289;6;12/02/2018 10:15;Strada Urbana;VIA FRANCESCO FERRAIRONI;all'intersezione con;LARGO S. GERARDO MAIELLA;LARGO S. GERARDO MAIELLA;;;Scontro laterale fra veicoli in marcia;Incrocio;Una carreggiata a senso unico di marcia;Bagnato (pioggia);Asfaltata;Orizzontale;Nuvoloso;Scarso;Buona;Ore Diurne;0;0;0;2;12,55739;41,88057;-1;1;Autovettura privata;In marcia / fermata / arresto;Conducente;M;Illeso;0;;Non accertato;Inesploso
3680289;6;12/02/2018 10:15;Strada Urbana;VIA FRANCESCO FERRAIRONI;all'intersezione con;LARGO S. GERARDO MAIELLA;LARGO S. GERARDO MAIELLA;;;Scontro laterale fra veicoli in marcia;Incrocio;Una carreggiata a senso unico di marcia;Bagnato (pioggia);Asfaltata;Orizzontale;Nuvoloso;Scarso;Buona;Ore Diurne;0;0;0;2;12,55739;41,88057;-1;2;Autovettura privata;In marcia / fermata / arresto;Conducente;M;Illeso;0;;Non accertato;Inesploso
3680293;3;11/02/2018 18:25;Strada Urbana;VIALE DEL POLICLINICO;da specificare;;;;50 mt circa dopo Via Montebello Dir. Croce Rossa;Infortunio per caduta del veicolo;Rettilineo;Una carreggiata a senso unico di marcia;Asciutto;Asfaltata;Verticale ed orizzontale;Sereno;Scarso;Buona;Ore Diurne;0;0;0;1;12,50555;41,90839;0;1;Motociclo a solo;In marcia / fermata / arresto;Conducente;M;Illeso;0;;Utilizzato;
3680300;3;12/02/2018 07:40;Strada Urbana;PIAZZA SALERNO;in corrispondenza;;del civico n.;3;;Scontro laterale fra veicoli in marcia;Rotatoria;Una carreggiata a senso unico di marcia;Bagnato (pioggia);Asfaltata;Verticale ed orizzontale;Pioggia in atto;Intenso;Buona;Ore Diurne;0;0;0;3;12,51268;41,91064;-1;1;Autovettura privata;In marcia / fermata / arresto;Conducente;F;Illeso;0;;Non accertato;
3680300;3;12/02/2018 07:40;Strada Urbana;PIAZZA SALERNO;in corrispondenza;;del civico n.;3;;Scontro laterale fra veicoli in marcia;Rotatoria;Una carreggiata a senso unico di marcia;Bagnato (pioggia);Asfaltata;Verticale ed orizzontale;Pioggia in atto;Intenso;Buona;Ore Diurne;0;0;0;3;12,51268;41,91064;-1;2;Autovettura privata;In marcia / fermata / arresto;Conducente;M;Illeso;0;;Non accertato;
3680300;3;12/02/2018 07:40;Strada Urbana;PIAZZA SALERNO;in corrispondenza;;del civico n.;3;;Scontro laterale fra veicoli in marcia;Rotatoria;Una carreggiata a senso unico di marcia;Bagnato (pioggia);Asfaltata;Verticale ed orizzontale;Pioggia in atto;Intenso;Buona;Ore Diurne;0;0;0;3;12,51268;41,91064;-1;2;Autovettura privata;In marcia / fermata / arresto;Passeggero;M;Illeso;0;;Non accertato;
3680310;3;10/02/2018 15:25;Strada Urbana;VIA DELLA LEGA LOMBARDA;da specificare;;;;F.C. 39/A;Scontro laterale fra veicoli in marcia;Rettilineo;Una carreggiata a doppio senso;Asciutto;Asfaltata;Verticale ed orizzontale;Sereno;Normale;Buona;Ore Diurne;2;0;0;0;12,5235;41,90874;-1;1;Motociclo a solo;In marcia / fermata / arresto;Conducente;M;Rifiuta cure immediate;0;NON DECEDUTO;Non accertato;
3680310;3;10/02/2018 15:25;Strada Urbana;VIA DELLA LEGA LOMBARDA;da specificare;;;;F.C. 39/A;Scontro laterale fra veicoli in marcia;Rettilineo;Una carreggiata a doppio senso;Asciutto;Asfaltata;Verticale ed orizzontale;Sereno;Normale;Buona;Ore Diurne;2;0;0;0;12,5235;41,90874;-1;2;Ciclomotore;In marcia / fermata / arresto;Conducente;M;Rimandato;0;NON DECEDUTO;Non accertato;