Protocollo;Gruppo;DataOraIncidente;Localizzazione1;STRADA1;Localizzazione2;STRADA2;Strada02;Chilometrica;DaSpecificare;NaturaIncidente;particolaritastrade;TipoStrada;FondoStradale;Pavimentazione;Segnaletica;CondizioneAtmosferica;Traffico;Visibilita;Illuminazione;NUM_FERITI;NUM_RISERVATA;NUM_MORTI;NUM_ILLESI;Longitudine;Latitudine;Confermato;Progressivo;TipoVeicolo;StatoVeicolo;TipoPersona;Sesso;Tipolesione;Deceduto;DecedutoDopo;CinturaCascoUtilizzato;Airbag
3681375;13;12/02/2018 09:55;Strada Urbana;VIA PIETRO ROMANI;all'intersezione con;VIA DOMENICO CECCAROSSI;VIA DOMENICO CECCAROSSI;;;Scontro frontale/laterale SX fra veicoli in marcia;Incrocio;Una carreggiata a doppio senso;Bagnato (umidità in atto);Asfaltata;Orizzontale;Nuvoloso;Scarso;Buona;Ore Diurne;0;0;0;3;12,36918;41,74846;-1;1;Autovettura privata;In marcia / fermata / arresto;Passeggero;F;Illeso;0;;Non accertato;Inesploso
3681375;13;12/02/2018 09:55;Strada Urbana;VIA PIETRO ROMANI;all'intersezione con;VIA DOMENICO CECCAROSSI;VIA DOMENICO CECCAROSSI;;;Scontro frontale/laterale SX fra veicoli in marcia;Incrocio;Una carreggiata a doppio senso;Bagnato (umidità in atto);Asfaltata;Orizzontale;Nuvoloso;Scarso;Buona;Ore Diurne;0;0;0;3;12,36918;41,74846;-1;2;Autovettura privata;In marcia / fermata / arresto;Conducente;F;Illeso;0;;Non accertato;Inesploso
3681377;19;12/02/2018 18:00;Strada Urbana;VIA TALEGGIO;in corrispondenza;;del civico n.;10;;Scontro laterale fra veicoli in marcia;Rettilineo;Una carreggiata a doppio senso;Asciutto;Asfaltata;Verticale;Sereno;Scarso;Buona;Sufficiente;0;0;0;3;12,38077;41,94898;-1;1;Autovettura privata;In marcia / fermata / arresto;Conducente;M;Illeso;0;;;
3681377;19;12/02/2018 18:00;Strada Urbana;VIA TALEGGIO;in corrispondenza;;del civico n.;10;;Scontro laterale fra veicoli in marcia;Rettilineo;Una carreggiata a doppio senso;Asciutto;Asfaltata;Verticale;Sereno;Scarso;Buona;Sufficiente;0;0;0;3;12,38077;41,94898;-1;2;Autovettura privata;In marcia / fermata / arresto;Conducente;F;Illeso;0;;;
3681377;19;12/02/2018 18:00;Strada Urbana;VIA TALEGGIO;in corrispondenza;;del civico n.;10;;Scontro laterale fra veicoli in marcia;Rettilineo;Una carreggiata a doppio senso;Asciutto;Asfaltata;Verticale;Sereno;Scarso;Buona;Sufficiente;0;0;0;3;12,38077;41,94898;-1;2;Autovettura privata;In marcia / fermata / arresto;Passeggero;F;Illeso;0;;;
3681384;13;12/02/2018 10:00;Comunale extraurbana;VIA DEL MARE;da specificare;;;;Km.18.100 direzione Roma;Tamponamento Multiplo;Rettilineo;Una carreggiata a doppio senso;Bagnato (umidità in atto);Asfaltata;Orizzontale;Pioggia in atto;Intenso;Sufficiente;Ore Diurne;2;0;0;2;12,46323;41,84026;-1;1;Autovettura privata;In marcia / fermata / arresto;Conducente;M;Rimandato;0;NON DECEDUTO;Non accertato;Inesploso
3681384;13;12/02/2018 10:00;Comunale extraurbana;VIA DEL MARE;da specificare;;;;Km.18.100 direzione Roma;Tamponamento Multiplo;Rettilineo;Una carreggiata a doppio senso;Bagnato (umidità in atto);Asfaltata;Orizzontale;Pioggia in atto;Intenso;Sufficiente;Ore Diurne;2;0;0;2;12,46323;41,84026;-1;2;Autovettura privata;In marcia / fermata / arresto;Conducente;M;Rimandato;0;NON DECEDUTO;Non accertato;Inesploso
3681384;13;12/02/2018 10:00;Comunale extraurbana;VIA DEL MARE;da specificare;;;;Km.18.100 direzione Roma;Tamponamento Multiplo;Rettilineo;Una carreggiata a doppio senso;Bagnato (umidità in atto);Asfaltata;Orizzontale;Pioggia in atto;Intenso;Sufficiente;Ore Diurne;2;0;0;2;12,46323;41,84026;-1;3;Autovettura privata;In marcia / fermata / arresto;Conducente;M;Illeso;0;;Non accertato;Inesploso
3681384;13;12/02/2018 10:00;Comunale extraurbana;VIA DEL MARE;da specificare;;;;Km.18.100 direzione Roma;Tamponamento Multiplo;Rettilineo;Una carreggiata a doppio senso;Bagnato (umidità in atto);Asfaltata;Orizzontale;Pioggia in atto;Intenso;Sufficiente;Ore Diurne;2;0;0;2;12,46323;41,84026;-1;4;Autovettura privata;In marcia / fermata / arresto;Conducente;M;Illeso;0;;Non accertato;Inesploso
3681395;12;11/02/2018 16:35;Provinciale;VIA LAURENTINA;in prossimità;;della chilometrica;10.6;;Veicolo in marcia contro ostacolo accidentale;Curva a visuale libera;Due carreggiate;Asciutto;Asfaltata;Verticale ed orizzontale;Sereno;Normale;Buona;Ore Diurne;0;0;0;1;12,50918;41,72716;-1;1;Autovettura privata;In marcia / fermata / arresto;Conducente;M;Illeso;0;;Utilizzato;Inesploso
3681398;1;12/02/2018 19:20;Strada Urbana;PIAZZA DI S. GIOVANNI IN LATERANO;in prossimità;;del civico n.;62;;Scontro laterale fra veicoli in marcia;Rettilineo;Una carreggiata a senso unico di marcia;Asciutto;Asfaltata;Verticale ed orizzontale;Nuvoloso;Normale;Sufficiente;Sufficiente;1;0;0;1;12,50672;41,88687;-1;1;Autocarro inferiore 35 q.;In marcia / fermata / arresto;Conducente;M;Illeso;0;;Non accertato;Inesploso
3681398;1;12/02/2018 19:20;Strada Urbana;PIAZZA DI S. GIOVANNI IN LATERANO;in prossimità;;del civico n.;62;;Scontro laterale fra veicoli in marcia;Rettilineo;Una carreggiata a senso unico di marcia;Asciutto;Asfaltata;Verticale ed orizzontale;Nuvoloso;Normale;Sufficiente;Sufficiente;1;0;0;1;12,50672;41,88687;-1;2;Motociclo a solo;In marcia / fermata / arresto;Conducente;M;Rimandato;0;NON DECEDUTO;Non accertato;
3681401;18;13/02/2018;Strada Urbana;VIA ENRICO BONDI;in prossimità;;del civico n.;16;;Veicolo in marcia contro veicolo in sosta;Rettilineo;Una carreggiata a doppio senso;Asciutto;Asfaltata;Verticale ed orizzontale;Nuvoloso;Scarso;Sufficiente;Sufficiente;0;0;0;1;12,38907;41,90319;-1;1;Autovettura privata;In marcia / fermata / arresto;Conducente;F;Illeso;0;;Non accertato;Inesploso
3681421;1;12/02/2018 18:55;;VIA MERULANA;in prossimità;;del civico n.;124A;;Veicolo in marcia contro ostacolo accidentale;;;;;;;;;;0;0;0;1;;;0;1;Motociclo a solo;In marcia / fermata / arresto;Conducente;M;Illeso;0;;Non accertato;
3681422;16;12/02/2018 08:00;Strada Urbana;VIA DI BRAVETTA;in corrispondenza;;del civico n.;403;;Tamponamento;Rettilineo;Una carreggiata a doppio senso;Bagnato (umidità in atto);Asfaltata;Verticale ed orizzontale;Nuvoloso;Normale;Buona;Ore Diurne;0;0;0;2;12,42481;41,8751;-1;1;Autovettura privata;In marcia / fermata / arresto;Conducente;F;Illeso;0;;Non accertato;
3681422;16;12/02/2018 08:00;Strada Urbana;VIA DI BRAVETTA;in corrispondenza;;del civico n.;403;;Tamponamento;Rettilineo;Una carreggiata a doppio senso;Bagnato (umidità in atto);Asfaltata;Verticale ed orizzontale;Nuvoloso;Normale;Buona;Ore Diurne;0;0;0;2;12,42481;41,8751;-1;2;Autovettura privata;In marcia / fermata / arresto;Conducente;M;Illeso;0;;;
3681423;16;12/02/2018 14:15;Strada Urbana;VIA DI DONNA OLIMPIA;all'intersezione con;VIA MARIO FIORETTI;VIA MARIO FIORETTI;;;Scontro frontale/laterale SX fra veicoli in marcia;Intersezione non regolata/non segnalata;Una carreggiata a doppio senso;Bagnato (umidità in atto);Asfaltata;Orizzontale;Nuvoloso;Normale;Buona;Ore Diurne;0;0;0;2;12,45353;41,87674;-1;1;Autovettura privata;In marcia / fermata / arresto;Conducente;F;Illeso;0;;Non accertato;Inesploso
3681423;16;12/02/2018 14:15;Strada Urbana;VIA DI DONNA OLIMPIA;all'intersezione con;VIA MARIO FIORETTI;VIA MARIO FIORETTI;;;Scontro frontale/laterale SX fra veicoli in marcia;Intersezione non regolata/non segnalata;Una carreggiata a doppio senso;Bagnato (umidità in atto);Asfaltata;Orizzontale;Nuvoloso;Normale;Buona;Ore Diurne;0;0;0;2;12,45353;41,87674;-1;2;Motociclo a solo;In marcia / fermata / arresto;Conducente;M;Illeso;0;;Non accertato;
3681436;16;12/02/2018 07:40;Strada Urbana;PIAZZA S. GIOVANNI DI DIO;da specificare;;;;altezza fronte civico 10;Tamponamento;Rettilineo;Più di due carreggiate;Bagnato (umidità in atto);Asfaltata;Verticale ed orizzontale;Pioggia in atto;Normale;Buona;Ore Diurne;0;0;0;2;12,44664;41,87448;-1;1;Autocarro inferiore 35 q.;In marcia / fermata / arresto;Conducente;M;Illeso;0;;Utilizzato;Inesploso
3681436;16;12/02/2018 07:40;Strada Urbana;PIAZZA S. GIOVANNI DI DIO;da specificare;;;;altezza fronte civico 10;Tamponamento;Rettilineo;Più di due carreggiate;Bagnato (umidità in atto);Asfaltata;Verticale ed orizzontale;Pioggia in atto;Normale;Buona;Ore Diurne;0;0;0;2;12,44664;41,87448;-1;2;Autovettura privata;In marcia / fermata / arresto;Conducente;F;Illeso;0;;Non accertato;Inesploso
3681440;1;10/02/2018 17:30;Strada Urbana;VIA BRAMANTE;in corrispondenza;;del civico n.;20;;Tamponamento;Rettilineo;Una carreggiata a doppio senso;Asciutto;Asfaltata;Verticale ed orizzontale;Sereno;Normale;Sufficiente;Insufficiente;2;0;0;1;12,48709;41,87766;-1;1;Autovettura privata;In marcia / fermata / arresto;Conducente;M;Illeso;0;;Non accertato;
3681440;1;10/02/2018 17:30;Strada Urbana;VIA BRAMANTE;in corrispondenza;;del civico n.;20;;Tamponamento;Rettilineo;Una carreggiata a doppio senso;Asciutto;Asfaltata;Verticale ed orizzontale;Sereno;Normale;Sufficiente;Insufficiente;2;0;0;1;12,48709;41,87766;-1;2;Motociclo con passeggero;In marcia / fermata / arresto;Conducente;M;Rifiuta cure immediate;0;NON DECEDUTO;Non accertato;
3681440;1;10/02/2018 17:30;Strada Urbana;VIA BRAMANTE;in corrispondenza;;del civico n.;20;;Tamponamento;Rettilineo;Una carreggiata a doppio senso;Asciutto;Asfaltata;Verticale ed orizzontale;Sereno;Normale;Sufficiente;Insufficiente;2;0;0;1;12,48709;41,87766;-1;2;Motociclo con passeggero;In marcia / fermata / arresto;Passeggero;M;Rifiuta cure immediate;0;NON DECEDUTO;Non accertato;
3681443;13;12/02/2018 17:25;Strada Urbana;VIA DELL'IDROSCALO;in prossimità;;del palo luce n.;9;;Investimento di pedone;Rettilineo;Una carreggiata a doppio senso;Asciutto;Asfaltata;Assente;Sereno;Normale;Buona;Ore Diurne;1;0;0;2;12,25186;41,73948;-1;;;;Pedone;M;Rimandato;0;NON DECEDUTO;;
3681443;13;12/02/2018 17:25;Strada Urbana;VIA DELL'IDROSCALO;in prossimità;;del palo luce n.;9;;Investimento di pedone;Rettilineo;Una carreggiata a doppio senso;Asciutto;Asfaltata;Assente;Sereno;Normale;Buona;Ore Diurne;1;0;0;2;12,25186;41,73948;-1;1;Autovettura privata;In marcia / fermata / arresto;Conducente;M;Illeso;0;;Non accertato;Inesploso
3681443;13;12/02/2018 17:25;Strada Urbana;VIA DELL'IDROSCALO;in prossimità;;del palo luce n.;9;;Investimento di pedone;Rettilineo;Una carreggiata a doppio senso;Asciutto;Asfaltata;Assente;Sereno;Normale;Buona;Ore Diurne;1;0;0;2;12,25186;41,73948;-1;1;Autovettura privata;In marcia / fermata / arresto;Passeggero;F;Illeso;0;;Non accertato;Inesploso
3681444;16;12/02/2018 16:30;Strada Urbana;VIA SILVESTRI;in corrispondenza;;del civico n.;300;;Scontro frontale/laterale DX fra veicoli in marcia;Rettilineo;Una carreggiata a doppio senso;Asciutto;Asfaltata;Verticale ed orizzontale;Nuvoloso;Normale;Sufficiente;Ore Diurne;1;0;0;2;12,4279;41,8772;-1;1;Autovettura privata;In marcia / fermata / arresto;Conducente;F;Illeso;0;;Non accertato;
3681444;16;12/02/2018 16:30;Strada Urbana;VIA SILVESTRI;in corrispondenza;;del civico n.;300;;Scontro frontale/laterale DX fra veicoli in marcia;Rettilineo;Una carreggiata a doppio senso;Asciutto;Asfaltata;Verticale ed orizzontale;Nuvoloso;Normale;Sufficiente;Ore Diurne;1;0;0;2;12,4279;41,8772;-1;1;Autovettura privata;In marcia / fermata / arresto;Passeggero;M;Illeso;0;;Non accertato;
3681444;16;12/02/2018 16:30;Strada Urbana;VIA SILVESTRI;in corrispondenza;;del civico n.;300;;Scontro frontale/laterale DX fra veicoli in marcia;Rettilineo;Una carreggiata a doppio senso;Asciutto;Asfaltata;Verticale ed orizzontale;Nuvoloso;Normale;Sufficiente;Ore Diurne;1;0;0;2;12,4279;41,8772;-1;2;Motociclo a solo;In marcia / fermata / arresto;Conducente;M;Rimandato;0;NON DECEDUTO;Non accertato;
3681451;12;11/02/2018 15:30;Provinciale;VIA LAURENTINA;in prossimità;;della chilometrica;10.6;;Veicolo in marcia contro ostacolo accidentale;Curva a visuale libera;Due carreggiate;Asciutto;Asfaltata;Verticale ed orizzontale;Sereno;Normale;Buona;Ore Diurne;0;0;0;1;12,50918;41,72716;-1;1;Autovettura privata;In marcia / fermata / arresto;Conducente;M;Illeso;0;;Utilizzato;Inesploso
3681463;7;12/02/2018 23:55;Strada Urbana;VIA DEL QUADRARO;all'intersezione con;VIA CORNELIO LABEONE;VIA CORNELIO LABEONE;;;Scontro frontale/laterale DX fra veicoli in marcia;Incrocio;Una carreggiata a doppio senso;Asciutto;Asfaltata;Verticale ed orizzontale;Sereno;Scarso;Buona;Sufficiente;0;0;0;5;12,55412;41,8599;-1;1;Autovettura privata;In marcia / fermata / arresto;Conducente;M;Illeso;0;;Non accertato;Inesploso
3681463;7;12/02/2018 23:55;Strada Urbana;VIA DEL QUADRARO;all'intersezione con;VIA CORNELIO LABEONE;VIA CORNELIO LABEONE;;;Scontro frontale/laterale DX fra veicoli in marcia;Incrocio;Una carreggiata a doppio senso;Asciutto;Asfaltata;Verticale ed orizzontale;Sereno;Scarso;Buona;Sufficiente;0;0;0;5;12,55412;41,8599;-1;1;Autovettura privata;In marcia / fermata / arresto;Passeggero;M;Illeso;0;;Non accertato;Inesploso
3681463;7;12/02/2018 23:55;Strada Urbana;VIA DEL QUADRARO;all'intersezione con;VIA CORNELIO LABEONE;VIA CORNELIO LABEONE;;;Scontro frontale/laterale DX fra veicoli in marcia;Incrocio;Una carreggiata a doppio senso;Asciutto;Asfaltata;Verticale ed orizzontale;Sereno;Scarso;Buona;Sufficiente;0;0;0;5;12,55412;41,8599;-1;1;Autovettura privata;In marcia / fermata / arresto;Passeggero;F;Illeso;0;;Non accertato;Inesploso
3681463;7;12/02/2018 23:55;Strada Urbana;VIA DEL QUADRARO;all'intersezione con;VIA CORNELIO LABEONE;VIA CORNELIO LABEONE;;;Scontro frontale/laterale DX fra veicoli in marcia;Incrocio;Una carreggiata a doppio senso;Asciutto;Asfaltata;Verticale ed orizzontale;Sereno;Scarso;Buona;Sufficiente;0;0;0;5;12,55412;41,8599;-1;2;Autovettura privata;In marcia / fermata / arresto;Conducente;M;Illeso;0;;Non accertato;Inesploso
3681463;7;12/02/2018 23:55;Strada Urbana;VIA DEL QUADRARO;all'intersezione con;VIA CORNELIO LABEONE;VIA CORNELIO LABEONE;;;Scontro frontale/laterale DX fra veicoli in marcia;Incrocio;Una carreggiata a doppio senso;Asciutto;Asfaltata;Verticale ed orizzontale;Sereno;Scarso;Buona;Sufficiente;0;0;0;5;12,55412;41,8599;-1;2;Autovettura privata;In marcia / fermata / arresto;Passeggero;F;Illeso;0;;Non accertato;Inesploso
3681465;16;12/02/2018 11:35;Strada Urbana;VIA FIORINO FIORINI;all'intersezione con;VIA ANTONIO TOSCANI;VIA ANTONIO TOSCANI;;;Veicolo in marcia contro veicolo fermo;Incrocio;Una carreggiata a senso unico di marcia;Asciutto;Asfaltata;Assente;Nuvoloso;Normale;Buona;Ore Diurne;0;0;0;3;12,45365;41,87467;-1;1;Autovettura privata;In marcia / fermata / arresto;Conducente;M;Illeso;0;;Non accertato;
3681465;16;12/02/2018 11:35;Strada Urbana;VIA FIORINO FIORINI;all'intersezione con;VIA ANTONIO TOSCANI;VIA ANTONIO TOSCANI;;;Veicolo in marcia contro veicolo fermo;Incrocio;Una carreggiata a senso unico di marcia;Asciutto;Asfaltata;Assente;Nuvoloso;Normale;Buona;Ore Diurne;0;0;0;3;12,45365;41,87467;-1;2;Autocarro inferiore 35 q.;In marcia / fermata / arresto;Conducente;M;Illeso;0;;Non accertato;
3681465;16;12/02/2018 11:35;Strada Urbana;VIA FIORINO FIORINI;all'intersezione con;VIA ANTONIO TOSCANI;VIA ANTONIO TOSCANI;;;Veicolo in marcia contro veicolo fermo;Incrocio;Una carreggiata a senso unico di marcia;Asciutto;Asfaltata;Assente;Nuvoloso;Normale;Buona;Ore Diurne;0;0;0;3;12,45365;41,87467;-1;2;Autocarro inferiore 35 q.;In marcia / fermata / arresto;Passeggero;M;Illeso;0;;Non accertato;
3681487;4;12/02/2018 16:00;Strada Urbana;VIALE TITINA DE FILIPPO;da specificare;;;;corrispondenzavia E. Pinza;Scontro frontale/laterale SX fra veicoli in marcia;Rettilineo;Una carreggiata a doppio senso;Asciutto;Asfaltata;Verticale ed orizzontale;Nuvoloso;Normale;Buona;Ore Diurne;1;0;0;4;12,51649;41,9667;-1;1;Autovettura privata;In marcia / fermata / arresto;Conducente;M;Illeso;0;;;
3681487;4;12/02/2018 16:00;Strada Urbana;VIALE TITINA DE FILIPPO;da specificare;;;;corrispondenzavia E. Pinza;Scontro frontale/laterale SX fra veicoli in marcia;Rettilineo;Una carreggiata a doppio senso;Asciutto;Asfaltata;Verticale ed orizzontale;Nuvoloso;Normale;Buona;Ore Diurne;1;0;0;4;12,51649;41,9667;-1;1;Autovettura privata;In marcia / fermata / arresto;Passeggero;F;Illeso;0;;Non accertato;
3681487;4;12/02/2018 16:00;Strada Urbana;VIALE TITINA DE FILIPPO;da specificare;;;;corrispondenzavia E. Pinza;Scontro frontale/laterale SX fra veicoli in marcia;Rettilineo;Una carreggiata a doppio senso;Asciutto;Asfaltata;Verticale ed orizzontale;Nuvoloso;Normale;Buona;Ore Diurne;1;0;0;4;12,51649;41,9667;-1;1;Autovettura privata;In marcia / fermata / arresto;Passeggero;M;Illeso;0;;Non accertato;
3681487;4;12/02/2018 16:00;Strada Urbana;VIALE TITINA DE FILIPPO;da specificare;;;;corrispondenzavia E. Pinza;Scontro frontale/laterale SX fra veicoli in marcia;Rettilineo;Una carreggiata a doppio senso;Asciutto;Asfaltata;Verticale ed orizzontale;Nuvoloso;Normale;Buona;Ore Diurne;1;0;0;4;12,51649;41,9667;-1;1;Autovettura privata;In marcia / fermata / arresto;Passeggero;M;Illeso;0;;Non accertato;
3681487;4;12/02/2018 16:00;Strada Urbana;VIALE TITINA DE FILIPPO;da specificare;;;;corrispondenzavia E. Pinza;Scontro frontale/laterale SX fra veicoli in marcia;Rettilineo;Una carreggiata a doppio senso;Asciutto;Asfaltata;Verticale ed orizzontale;Nuvoloso;Normale;Buona;Ore Diurne;1;0;0;4;12,51649;41,9667;-1;2;Motociclo a solo;In marcia / fermata / arresto;Conducente;M;Rimandato;0;NON DECEDUTO;;
3681490;12;12/02/2018 18:00;Strada Urbana;VIALE DELLA GRANDE MURAGLIA;da specificare;;;;direz.VIALE OCEANO PACIFICO alt. Via Pianeta Giove;Investimento di pedone;Rettilineo;Due carreggiate;Asciutto;Asfaltata;Verticale ed orizzontale;Nuvoloso;Normale;Buona;Sufficiente;1;0;0;1;12,44632;41,81582;-1;;;;Pedone;M;Rimandato;0;NON DECEDUTO;;
3681490;12;12/02/2018 18:00;Strada Urbana;VIALE DELLA GRANDE MURAGLIA;da specificare;;;;direz.VIALE OCEANO PACIFICO alt. Via Pianeta Giove;Investimento di pedone;Rettilineo;Due carreggiate;Asciutto;Asfaltata;Verticale ed orizzontale;Nuvoloso;Normale;Buona;Sufficiente;1;0;0;1;12,44632;41,81582;-1;1;Autovettura privata;In marcia / fermata / arresto;Conducente;M;Illeso;0;;Utilizzato;Inesploso
3681503;4;12/02/2018 18:30;Statale entro l'abitato;VIA SALARIA;da specificare;;;;corsia laterale dir. Rm 50 m prima del civico 1041;Veicolo in marcia contro ostacolo accidentale;Rettilineo;Due carreggiate;Asciutto;Asfaltata;Verticale ed orizzontale;Nuvoloso;Normale;Sufficiente;Sufficiente;0;0;0;1;12,51724;41,98601;-1;1;Autovettura privata;In marcia / fermata / arresto;Conducente;M;Illeso;0;;;
3681504;2;12/02/2018 11:15;Altra strada;PIAZZA ISTRIA;in corrispondenza;;del civico n.;12;;Investimento di pedone;Rettilineo;Una carreggiata a doppio senso;Asciutto;Asfaltata;Verticale ed orizzontale;Nuvoloso;Normale;Buona;Ore Diurne;1;0;0;1;12,51264;41,92323;-1;;;;Pedone;M;Rimandato;0;NON DECEDUTO;;
3681504;2;12/02/2018 11:15;Altra strada;PIAZZA ISTRIA;in corrispondenza;;del civico n.;12;;Investimento di pedone;Rettilineo;Una carreggiata a doppio senso;Asciutto;Asfaltata;Verticale ed orizzontale;Nuvoloso;Normale;Buona;Ore Diurne;1;0;0;1;12,51264;41,92323;-1;1;Autocarro inferiore 35 q.;In marcia / fermata / arresto;Conducente;M;Illeso;0;;Non accertato;Inesploso
3681505;1;10/02/2018 19:00;Strada Urbana;LUNGOTEVERE GIANICOLENSE;all'intersezione semaforizzata con;PONTE GIUSEPPE MAZZINI;PONTE GIUSEPPE MAZZINI;;;Tamponamento;Incrocio;Una carreggiata a senso unico di marcia;Asciutto;Asfaltata;Verticale ed orizzontale;Sereno;Normale;Sufficiente;Sufficiente;1;0;0;2;;;0;1;Motociclo con passeggero;In marcia / fermata / arresto;Conducente;M;Illeso;0;;;
3681505;1;10/02/2018 19:00;Strada Urbana;LUNGOTEVERE GIANICOLENSE;all'intersezione semaforizzata con;PONTE GIUSEPPE MAZZINI;PONTE GIUSEPPE MAZZINI;;;Tamponamento;Incrocio;Una carreggiata a senso unico di marcia;Asciutto;Asfaltata;Verticale ed orizzontale;Sereno;Normale;Sufficiente;Sufficiente;1;0;0;2;;;0;1;Motociclo con passeggero;In marcia / fermata / arresto;Passeggero;M;Illeso;0;;;
3681505;1;10/02/2018 19:00;Strada Urbana;LUNGOTEVERE GIANICOLENSE;all'intersezione semaforizzata con;PONTE GIUSEPPE MAZZINI;PONTE GIUSEPPE MAZZINI;;;Tamponamento;Incrocio;Una carreggiata a senso unico di marcia;Asciutto;Asfaltata;Verticale ed orizzontale;Sereno;Normale;Sufficiente;Sufficiente;1;0;0;2;;;0;2;Motociclo a solo;In marcia / fermata / arresto;Conducente;M;Rimandato;0;NON DECEDUTO;;
3681512;2;12/02/2018 10:35;Strada Urbana;CIRCONVALLAZIONE SALARIA;da specificare;;;;dir. stadio prox uscita Salaria G.R.A.;Tamponamento;Rettilineo;Due carreggiate;Bagnato (umidità in atto);Asfaltata;Verticale ed orizzontale;Nuvoloso;Intenso;Buona;Ore Diurne;1;0;0;1;12,52092;41,93437;-1;1;Autovettura privata;In marcia / fermata / arresto;Conducente;F;Illeso;0;;;
3681512;2;12/02/2018 10:35;Strada Urbana;CIRCONVALLAZIONE SALARIA;da specificare;;;;dir. stadio prox uscita Salaria G.R.A.;Tamponamento;Rettilineo;Due carreggiate;Bagnato (umidità in atto);Asfaltata;Verticale ed orizzontale;Nuvoloso;Intenso;Buona;Ore Diurne;1;0;0;1;12,52092;41,93437;-1;2;Motociclo a solo;In marcia / fermata / arresto;Conducente;M;Rimandato;0;NON DECEDUTO;;
3681519;8;12/02/2018 10:45;Strada Urbana;VIA DEI RUDERI DI CASA CALDA;da specificare;;;;in prossimità di via W.Tobagi;Tamponamento;Pendenza;Una carreggiata a doppio senso;Viscido da liquidi oleosi;Asfaltata;Assente;Nuvoloso;Normale;Sufficiente;Ore Diurne;1;0;0;1;12,59718;41,87502;-1;1;Autovettura privata;In marcia / fermata / arresto;Conducente;F;Rifiuta cure immediate;0;NON DECEDUTO;Non accertato;
3681519;8;12/02/2018 10:45;Strada Urbana;VIA DEI RUDERI DI CASA CALDA;da specificare;;;;in prossimità di via W.Tobagi;Tamponamento;Pendenza;Una carreggiata a doppio senso;Viscido da liquidi oleosi;Asfaltata;Assente;Nuvoloso;Normale;Sufficiente;Ore Diurne;1;0;0;1;12,59718;41,87502;-1;2;Autobus di linea;In marcia / fermata / arresto;Conducente;M;Illeso;0;;;
3681522;8;12/02/2018 10:00;Strada Urbana;VIA DI TOR BELLA MONACA;da specificare;;;;dir GRA ALT VIA CASILINA;Tamponamento;Rettilineo;Una carreggiata a senso unico di marcia;Asciutto;Asfaltata;Verticale ed orizzontale;Nuvoloso;Normale;Buona;Ore Diurne;1;0;0;1;12,62375;41,87848;-1;1;Autovettura privata;In marcia / fermata / arresto;Conducente;M;Rifiuta cure immediate;0;NON DECEDUTO;Non accertato;Inesploso
3681522;8;12/02/2018 10:00;Strada Urbana;VIA DI TOR BELLA MONACA;da specificare;;;;dir GRA ALT VIA CASILINA;Tamponamento;Rettilineo;Una carreggiata a senso unico di marcia;Asciutto;Asfaltata;Verticale ed orizzontale;Nuvoloso;Normale;Buona;Ore Diurne;1;0;0;1;12,62375;41,87848;-1;2;Autovettura privata;In marcia / fermata / arresto;Conducente;M;Illeso;0;;Non accertato;Inesploso
3681528;12;12/02/2018 13:00;Strada Urbana;VIA PIO EMANUELLI;in prossimità;;del civico n.;156;;Veicolo in marcia contro veicolo fermo;Rettilineo;Una carreggiata a doppio senso;Asciutto;Asfaltata;Verticale ed orizzontale;Nuvoloso;Normale;Buona;Ore Diurne;0;0;0;2;12,48771;41,82352;-1;1;Autovettura privata;In marcia / fermata / arresto;Conducente;F;Illeso;0;;Non accertato;
3681528;12;12/02/2018 13:00;Strada Urbana;VIA PIO EMANUELLI;in prossimità;;del civico n.;156;;Veicolo in marcia contro veicolo fermo;Rettilineo;Una carreggiata a doppio senso;Asciutto;Asfaltata;Verticale ed orizzontale;Nuvoloso;Normale;Buona;Ore Diurne;0;0;0;2;12,48771;41,82352;-1;2;Autovettura privata;In marcia / fermata / arresto;Conducente;M;Illeso;0;;Non accertato;
3681551;4;12/02/2018 08:20;Strada Urbana;VIA PUPELLA MAGGIO;all'intersezione con;VIA GIORGIO MOSER;VIA GIORGIO MOSER;;;Scontro frontale/laterale DX fra veicoli in marcia;Intersezione stradale segnalata;Una carreggiata a doppio senso;Bagnato (pioggia);Asfaltata;Verticale ed orizzontale;Pioggia in atto;Scarso;Buona;Ore Diurne;0;0;0;3;12,53134;41,97528;-1;1;Autovettura privata;In marcia / fermata / arresto;Conducente;F;Illeso;0;;Non accertato;Inesploso
3681551;4;12/02/2018 08:20;Strada Urbana;VIA PUPELLA MAGGIO;all'intersezione con;VIA GIORGIO MOSER;VIA GIORGIO MOSER;;;Scontro frontale/laterale DX fra veicoli in marcia;Intersezione stradale segnalata;Una carreggiata a doppio senso;Bagnato (pioggia);Asfaltata;Verticale ed orizzontale;Pioggia in atto;Scarso;Buona;Ore Diurne;0;0;0;3;12,53134;41,97528;-1;1;Autovettura privata;In marcia / fermata / arresto;Passeggero;M;Illeso;0;;;
3681551;4;12/02/2018 08:20;Strada Urbana;VIA PUPELLA MAGGIO;all'intersezione con;VIA GIORGIO MOSER;VIA GIORGIO MOSER;;;Scontro frontale/laterale DX fra veicoli in marcia;Intersezione stradale segnalata;Una carreggiata a doppio senso;Bagnato (pioggia);Asfaltata;Verticale ed orizzontale;Pioggia in atto;Scarso;Buona;Ore Diurne;0;0;0;3;12,53134;41,97528;-1;2;Autovettura privata;In marcia / fermata / arresto;Conducente;F;Illeso;0;;Non accertato;