Protocollo;Gruppo;DataOraIncidente;Localizzazione1;STRADA1;Localizzazione2;STRADA2;Strada02;Chilometrica;DaSpecificare;NaturaIncidente;particolaritastrade;TipoStrada;FondoStradale;Pavimentazione;Segnaletica;CondizioneAtmosferica;Traffico;Visibilita;Illuminazione;NUM_FERITI;NUM_RISERVATA;NUM_MORTI;NUM_ILLESI;Longitudine;Latitudine;Confermato;Progressivo;TipoVeicolo;StatoVeicolo;TipoPersona;Sesso;Tipolesione;Deceduto;DecedutoDopo;CinturaCascoUtilizzato;Airbag
3684918;19;15/02/2018 08:50;Strada Urbana;VIA DI TORREVECCHIA;all'intersezione con;VIA DELLA VALLE DEI FONTANILI;VIA DELLA VALLE DEI FONTANILI;;;Scontro laterale fra veicoli in marcia;Intersezione semaforizzata;Una carreggiata a doppio senso;Asciutto;Asfaltata;Verticale ed orizzontale;Sereno;Normale;Buona;Ore Diurne;0;0;0;2;12,41223;41,92332;-1;2;Autocarro superiore 35 q.;In marcia / fermata / arresto;Conducente;M;Illeso;0;;Non accertato;Inesistente
3684928;2;14/02/2018 06:40;Strada Urbana;PIAZZA SANTIAGO DEL CILE;in prossimità;;del civico n.;6;;Veicolo in marcia contro ostacolo accidentale;Rotatoria;Una carreggiata a senso unico di marcia;Asciutto;Asfaltata;Verticale ed orizzontale;Nuvoloso;Normale;Buona;Ore Diurne;0;0;0;1;12,48681;41,92591;-1;1;Autovettura privata;In marcia / fermata / arresto;Conducente;M;Illeso;0;;Non accertato;Inesploso
3684930;11;15/02/2018 08:50;Strada Urbana;VIA VALERIA RUFINA;da specificare;;;;prossimità VIA C. T. ODESCALCHI;Tamponamento;Rettilineo;Una carreggiata a doppio senso;Asciutto;Asfaltata;Verticale ed orizzontale;Sereno;Normale;Buona;Ore Diurne;0;0;0;3;12,5;41,85491;-1;1;Autovettura privata;In marcia / fermata / arresto;Conducente;F;Illeso;0;;Non accertato;Inesploso
3684930;11;15/02/2018 08:50;Strada Urbana;VIA VALERIA RUFINA;da specificare;;;;prossimità VIA C. T. ODESCALCHI;Tamponamento;Rettilineo;Una carreggiata a doppio senso;Asciutto;Asfaltata;Verticale ed orizzontale;Sereno;Normale;Buona;Ore Diurne;0;0;0;3;12,5;41,85491;-1;1;Autovettura privata;In marcia / fermata / arresto;Passeggero;M;Illeso;0;;Utilizzato;Inesploso
3684930;11;15/02/2018 08:50;Strada Urbana;VIA VALERIA RUFINA;da specificare;;;;prossimità VIA C. T. ODESCALCHI;Tamponamento;Rettilineo;Una carreggiata a doppio senso;Asciutto;Asfaltata;Verticale ed orizzontale;Sereno;Normale;Buona;Ore Diurne;0;0;0;3;12,5;41,85491;-1;2;Autovettura privata;In marcia / fermata / arresto;Conducente;M;Illeso;0;;;
3684931;2;14/02/2018 10:50;Strada Urbana;VIALE BRUNO BUOZZI;in prossimità;;del civico n.;fr. 68;;Scontro laterale fra veicoli in marcia;Rettilineo;Una carreggiata a doppio senso;Bagnato (pioggia);Asfaltata;Verticale ed orizzontale;Nuvoloso;Normale;Buona;Ore Diurne;0;0;0;3;12,48178;41,92144;-1;1;Autovettura pubblica;In marcia / fermata / arresto;Conducente;M;Illeso;0;;;
3684931;2;14/02/2018 10:50;Strada Urbana;VIALE BRUNO BUOZZI;in prossimità;;del civico n.;fr. 68;;Scontro laterale fra veicoli in marcia;Rettilineo;Una carreggiata a doppio senso;Bagnato (pioggia);Asfaltata;Verticale ed orizzontale;Nuvoloso;Normale;Buona;Ore Diurne;0;0;0;3;12,48178;41,92144;-1;2;Autovettura di polizia;In marcia / fermata / arresto;Conducente;M;Illeso;0;;;
3684931;2;14/02/2018 10:50;Strada Urbana;VIALE BRUNO BUOZZI;in prossimità;;del civico n.;fr. 68;;Scontro laterale fra veicoli in marcia;Rettilineo;Una carreggiata a doppio senso;Bagnato (pioggia);Asfaltata;Verticale ed orizzontale;Nuvoloso;Normale;Buona;Ore Diurne;0;0;0;3;12,48178;41,92144;-1;2;Autovettura di polizia;In marcia / fermata / arresto;Passeggero;M;Illeso;0;;;
3684934;2;14/02/2018 13:56;Strada Urbana;VIA JUGOSLAVIA;all'intersezione con;VIA DEGLI OLIMPIONICI;VIA DEGLI OLIMPIONICI;;;Scontro frontale/laterale SX fra veicoli in marcia;Incrocio;Una carreggiata a senso unico di marcia;Asciutto;Asfaltata;Verticale ed orizzontale;Sereno;Scarso;Sufficiente;Ore Diurne;1;0;0;1;12,47561;41,93355;-1;1;Quadriciclo leggero;In marcia / fermata / arresto;Conducente;F;Rimandato;0;NON DECEDUTO;Non accertato;Inesploso
3684934;2;14/02/2018 13:56;Strada Urbana;VIA JUGOSLAVIA;all'intersezione con;VIA DEGLI OLIMPIONICI;VIA DEGLI OLIMPIONICI;;;Scontro frontale/laterale SX fra veicoli in marcia;Incrocio;Una carreggiata a senso unico di marcia;Asciutto;Asfaltata;Verticale ed orizzontale;Sereno;Scarso;Sufficiente;Ore Diurne;1;0;0;1;12,47561;41,93355;-1;2;Autovettura privata;In marcia / fermata / arresto;Conducente;F;Illeso;0;;Non accertato;Inesploso
3684937;2;14/02/2018 18:40;Strada Urbana;CORSO D'ITALIA;in prossimità;;del civico n.;fr. 6;;Tamponamento;Rettilineo;Una carreggiata a senso unico di marcia;Asciutto;Asfaltata;Verticale ed orizzontale;Sereno;Normale;Sufficiente;Sufficiente;1;0;0;2;13,22247;41,60868;-1;1;Autovettura privata;In marcia / fermata / arresto;Conducente;F;Illeso;0;;Non accertato;Inesploso
3684937;2;14/02/2018 18:40;Strada Urbana;CORSO D'ITALIA;in prossimità;;del civico n.;fr. 6;;Tamponamento;Rettilineo;Una carreggiata a senso unico di marcia;Asciutto;Asfaltata;Verticale ed orizzontale;Sereno;Normale;Sufficiente;Sufficiente;1;0;0;2;13,22247;41,60868;-1;1;Autovettura privata;In marcia / fermata / arresto;Passeggero;M;Illeso;0;;Non accertato;Inesploso
3684937;2;14/02/2018 18:40;Strada Urbana;CORSO D'ITALIA;in prossimità;;del civico n.;fr. 6;;Tamponamento;Rettilineo;Una carreggiata a senso unico di marcia;Asciutto;Asfaltata;Verticale ed orizzontale;Sereno;Normale;Sufficiente;Sufficiente;1;0;0;2;13,22247;41,60868;-1;2;Motociclo a solo;In marcia / fermata / arresto;Conducente;M;Rimandato;0;NON DECEDUTO;Non accertato;
3684954;5;15/02/2018 08:50;Strada Urbana;VIA DI CASAL BIANCO;da specificare;;;;in prossimità di via Rubellia;Scontro laterale fra veicoli in marcia;Rettilineo;Una carreggiata a doppio senso;Ghiacciato;Asfaltata;Assente;Sereno;Intenso;Buona;Ore Diurne;0;0;0;2;12,62367;41,939;-1;1;Autovettura privata;In marcia / fermata / arresto;Conducente;F;Illeso;0;;Non accertato;
3684954;5;15/02/2018 08:50;Strada Urbana;VIA DI CASAL BIANCO;da specificare;;;;in prossimità di via Rubellia;Scontro laterale fra veicoli in marcia;Rettilineo;Una carreggiata a doppio senso;Ghiacciato;Asfaltata;Assente;Sereno;Intenso;Buona;Ore Diurne;0;0;0;2;12,62367;41,939;-1;2;Motociclo a solo;In marcia / fermata / arresto;Conducente;M;Illeso;0;;Utilizzato;
3684955;4;14/02/2018 16:50;Strada Urbana;VIA PIETRO ARETINO;da specificare;;;;altezza 43;Veicolo in marcia contro veicolo fermo;Pendenza;Una carreggiata a senso unico di marcia;Asciutto;Asfaltata;Assente;Sereno;Scarso;Buona;Ore Diurne;0;0;0;1;12,54967;41,94461;-1;1;Macchina operatrice;In marcia / fermata / arresto;Conducente;M;Illeso;0;;;
3684980;1;14/02/2018 19:45;Strada Urbana;VIA MARGHERA;all'intersezione con;VIA MAGENTA;VIA MAGENTA;;;Veicolo in marcia contro veicoli in sosta;Intersezione stradale segnalata;Una carreggiata a senso unico di marcia;Asciutto;Asfaltata;Verticale ed orizzontale;Sereno;Scarso;Sufficiente;Sufficiente;1;0;0;0;12,50372;41,90251;-1;1;Autovettura privata;In marcia / fermata / arresto;Conducente;M;Ricoverato;0;NON DECEDUTO;Non accertato;
3684998;4;14/02/2018 11:30;Strada Urbana;VIA ALESSANDRO D'ANCONA;all'intersezione con;VIA ADOLFO ALBERTAZZI;VIA ADOLFO ALBERTAZZI;;;Scontro laterale fra veicoli in marcia;Intersezione stradale segnalata;Una carreggiata a senso unico di marcia;Asciutto;Asfaltata;Verticale;Nuvoloso;Scarso;Buona;Ore Diurne;0;0;0;2;12,54438;41,95063;-1;1;Autovettura privata;In marcia / fermata / arresto;Conducente;M;Illeso;0;;Non accertato;
3684998;4;14/02/2018 11:30;Strada Urbana;VIA ALESSANDRO D'ANCONA;all'intersezione con;VIA ADOLFO ALBERTAZZI;VIA ADOLFO ALBERTAZZI;;;Scontro laterale fra veicoli in marcia;Intersezione stradale segnalata;Una carreggiata a senso unico di marcia;Asciutto;Asfaltata;Verticale;Nuvoloso;Scarso;Buona;Ore Diurne;0;0;0;2;12,54438;41,95063;-1;2;Autovettura privata;In marcia / fermata / arresto;Conducente;M;Illeso;0;;Non accertato;
3685010;4;14/02/2018 09:00;Strada Urbana;VIALE LINA CAVALIERI;all'intersezione con;VIA ERMINIA FREZZOLINI;VIA ERMINIA FREZZOLINI;;;Scontro frontale/laterale DX fra veicoli in marcia;Incrocio;Due carreggiate;Asciutto;Asfaltata;Verticale ed orizzontale;Nuvoloso;Normale;Buona;Ore Diurne;0;0;0;2;12,51573;41,96487;-1;1;Autovettura privata;In marcia / fermata / arresto;Conducente;M;Illeso;0;;;Esploso
3685010;4;14/02/2018 09:00;Strada Urbana;VIALE LINA CAVALIERI;all'intersezione con;VIA ERMINIA FREZZOLINI;VIA ERMINIA FREZZOLINI;;;Scontro frontale/laterale DX fra veicoli in marcia;Incrocio;Due carreggiate;Asciutto;Asfaltata;Verticale ed orizzontale;Nuvoloso;Normale;Buona;Ore Diurne;0;0;0;2;12,51573;41,96487;-1;2;Autovettura privata;In marcia / fermata / arresto;Conducente;M;Illeso;0;;Non accertato;Esploso
3685014;4;14/02/2018 11:30;Comunale extraurbana;VIA POMONTE;in corrispondenza;;del civico n.;41;;Scontro frontale/laterale SX fra veicoli in marcia;Rettilineo;Una carreggiata a doppio senso;Bagnato (umidità in atto);Asfaltata;Assente;Nuvoloso;Scarso;Buona;Ore Diurne;0;0;0;2;12,51558;42,00819;-1;1;Autocarro inferiore 35 q.;In marcia / fermata / arresto;Conducente;M;Illeso;0;;;
3685014;4;14/02/2018 11:30;Comunale extraurbana;VIA POMONTE;in corrispondenza;;del civico n.;41;;Scontro frontale/laterale SX fra veicoli in marcia;Rettilineo;Una carreggiata a doppio senso;Bagnato (umidità in atto);Asfaltata;Assente;Nuvoloso;Scarso;Buona;Ore Diurne;0;0;0;2;12,51558;42,00819;-1;2;Autovettura privata;In marcia / fermata / arresto;Conducente;M;Illeso;0;;;
3685023;4;14/02/2018 17:15;Statale entro l'abitato;VIA SALARIA;in prossimità;;del civico n.;1313;;Veicolo in marcia contro veicoli in arresto;Rettilineo;Due carreggiate;Asciutto;Asfaltata;Verticale ed orizzontale;Nuvoloso;Normale;Buona;Ore Diurne;2;0;0;0;12,51688;41,99761;-1;1;Autovettura privata;In marcia / fermata / arresto;Conducente;M;Rifiuta cure immediate;0;NON DECEDUTO;Non accertato;Inesploso
3685023;4;14/02/2018 17:15;Statale entro l'abitato;VIA SALARIA;in prossimità;;del civico n.;1313;;Veicolo in marcia contro veicoli in arresto;Rettilineo;Due carreggiate;Asciutto;Asfaltata;Verticale ed orizzontale;Nuvoloso;Normale;Buona;Ore Diurne;2;0;0;0;12,51688;41,99761;-1;2;Autovettura privata;In marcia / fermata / arresto;Conducente;M;Rifiuta cure immediate;0;NON DECEDUTO;Non accertato;Esploso
3685049;11;15/02/2018 09:20;Strada Urbana;VIA LEON PANCALDO;in prossimità;;del civico n.;2;;Veicolo in marcia contro ostacolo accidentale;Rettilineo;Una carreggiata a doppio senso;Asciutto;Asfaltata;Verticale ed orizzontale;Sereno;Normale;Buona;Ore Diurne;0;0;0;4;12,50084;41,85984;-1;1;Autovettura privata;In marcia / fermata / arresto;Conducente;M;Illeso;0;;Non accertato;Inesploso
3685049;11;15/02/2018 09:20;Strada Urbana;VIA LEON PANCALDO;in prossimità;;del civico n.;2;;Veicolo in marcia contro ostacolo accidentale;Rettilineo;Una carreggiata a doppio senso;Asciutto;Asfaltata;Verticale ed orizzontale;Sereno;Normale;Buona;Ore Diurne;0;0;0;4;12,50084;41,85984;-1;2;Autovettura privata;In marcia / fermata / arresto;Conducente;F;Illeso;0;;Non accertato;Inesploso
3685049;11;15/02/2018 09:20;Strada Urbana;VIA LEON PANCALDO;in prossimità;;del civico n.;2;;Veicolo in marcia contro ostacolo accidentale;Rettilineo;Una carreggiata a doppio senso;Asciutto;Asfaltata;Verticale ed orizzontale;Sereno;Normale;Buona;Ore Diurne;0;0;0;4;12,50084;41,85984;-1;2;Autovettura privata;In marcia / fermata / arresto;Passeggero;M;Illeso;0;;Non accertato;Inesploso
3685049;11;15/02/2018 09:20;Strada Urbana;VIA LEON PANCALDO;in prossimità;;del civico n.;2;;Veicolo in marcia contro ostacolo accidentale;Rettilineo;Una carreggiata a doppio senso;Asciutto;Asfaltata;Verticale ed orizzontale;Sereno;Normale;Buona;Ore Diurne;0;0;0;4;12,50084;41,85984;-1;2;Autovettura privata;In marcia / fermata / arresto;Passeggero;F;Illeso;0;;Non accertato;Inesploso
3685061;23;14/02/2018 17:15;Comunale extraurbana;VIA CRISTOFORO COLOMBO;in corrispondenza;;della chilometrica;16.3;;Tamponamento Multiplo;Curva a visuale libera;Due carreggiate;Bagnato (umidità in atto);Asfaltata;Assente;Sereno;Intenso;Buona;Ore Diurne;0;0;0;4;12,41155;41,78584;0;1;Autovettura privata;In marcia / fermata / arresto;Conducente;M;Illeso;0;;Non accertato;
3685061;23;14/02/2018 17:15;Comunale extraurbana;VIA CRISTOFORO COLOMBO;in corrispondenza;;della chilometrica;16.3;;Tamponamento Multiplo;Curva a visuale libera;Due carreggiate;Bagnato (umidità in atto);Asfaltata;Assente;Sereno;Intenso;Buona;Ore Diurne;0;0;0;4;12,41155;41,78584;0;2;Autovettura privata;In marcia / fermata / arresto;Conducente;F;Illeso;0;;Non accertato;
3685061;23;14/02/2018 17:15;Comunale extraurbana;VIA CRISTOFORO COLOMBO;in corrispondenza;;della chilometrica;16.3;;Tamponamento Multiplo;Curva a visuale libera;Due carreggiate;Bagnato (umidità in atto);Asfaltata;Assente;Sereno;Intenso;Buona;Ore Diurne;0;0;0;4;12,41155;41,78584;0;3;Autovettura privata;In marcia / fermata / arresto;Conducente;F;Illeso;0;;Non accertato;
3685061;23;14/02/2018 17:15;Comunale extraurbana;VIA CRISTOFORO COLOMBO;in corrispondenza;;della chilometrica;16.3;;Tamponamento Multiplo;Curva a visuale libera;Due carreggiate;Bagnato (umidità in atto);Asfaltata;Assente;Sereno;Intenso;Buona;Ore Diurne;0;0;0;4;12,41155;41,78584;0;4;Autovettura privata;In marcia / fermata / arresto;Conducente;M;Illeso;0;;Non accertato;
3685129;18;15/02/2018 10:40;Statale entro l'abitato;VIA AURELIA;in corrispondenza;;del civico n.;480;;Scontro laterale fra veicoli in marcia;Rettilineo;Una carreggiata a doppio senso;Asciutto;Asfaltata;Verticale ed orizzontale;Sereno;Normale;Buona;Ore Diurne;1;0;0;1;12,42042;41,89862;-1;1;Autovettura privata;In marcia / fermata / arresto;Conducente;M;Illeso;0;;Non accertato;Inesploso
3685129;18;15/02/2018 10:40;Statale entro l'abitato;VIA AURELIA;in corrispondenza;;del civico n.;480;;Scontro laterale fra veicoli in marcia;Rettilineo;Una carreggiata a doppio senso;Asciutto;Asfaltata;Verticale ed orizzontale;Sereno;Normale;Buona;Ore Diurne;1;0;0;1;12,42042;41,89862;-1;2;Motociclo a solo;In marcia / fermata / arresto;Conducente;F;Rimandato;0;NON DECEDUTO;Utilizzato;
3685130;5;15/02/2018 10:45;Strada Urbana;VIA GIUSEPPE ANTONIO ANDRIULLI;da specificare;;;;pross. rampa accesso A24 (dir. via Tiburtina);Veicolo in marcia contro veicolo fermo;Rettilineo;Due carreggiate;Asciutto;Asfaltata;Assente;Sereno;Normale;Buona;Ore Diurne;0;0;0;2;12,55774;41,90238;-1;1;Autovettura privata;In marcia / fermata / arresto;Conducente;M;Illeso;0;;Non accertato;Inesploso
3685130;5;15/02/2018 10:45;Strada Urbana;VIA GIUSEPPE ANTONIO ANDRIULLI;da specificare;;;;pross. rampa accesso A24 (dir. via Tiburtina);Veicolo in marcia contro veicolo fermo;Rettilineo;Due carreggiate;Asciutto;Asfaltata;Assente;Sereno;Normale;Buona;Ore Diurne;0;0;0;2;12,55774;41,90238;-1;2;Motociclo a solo;In marcia / fermata / arresto;Conducente;M;Illeso;0;;Utilizzato;
3685138;3;13/02/2018 20:35;Strada Urbana;CIRCONVALLAZIONE NOMENTANA;da specificare;;;;altezza n.251;Tamponamento Multiplo;Rettilineo;Più di due carreggiate;Asciutto;Asfaltata;Verticale ed orizzontale;Sereno;Normale;Buona;Sufficiente;0;0;0;3;12,52824;41,9138;-1;1;Autovettura privata;In marcia / fermata / arresto;Conducente;M;Illeso;0;;Non accertato;Inesploso
3685138;3;13/02/2018 20:35;Strada Urbana;CIRCONVALLAZIONE NOMENTANA;da specificare;;;;altezza n.251;Tamponamento Multiplo;Rettilineo;Più di due carreggiate;Asciutto;Asfaltata;Verticale ed orizzontale;Sereno;Normale;Buona;Sufficiente;0;0;0;3;12,52824;41,9138;-1;2;Autovettura privata;In marcia / fermata / arresto;Conducente;M;Illeso;0;;Non accertato;Inesploso
3685138;3;13/02/2018 20:35;Strada Urbana;CIRCONVALLAZIONE NOMENTANA;da specificare;;;;altezza n.251;Tamponamento Multiplo;Rettilineo;Più di due carreggiate;Asciutto;Asfaltata;Verticale ed orizzontale;Sereno;Normale;Buona;Sufficiente;0;0;0;3;12,52824;41,9138;-1;3;Autocarro inferiore 35 q.;In marcia / fermata / arresto;Conducente;M;Illeso;0;;Non accertato;Inesploso
3685148;17;14/02/2018 08:30;Strada Urbana;VIA ANGELO EMO;in prossimità;;del civico n.;35;;Scontro laterale fra veicoli in marcia;Rettilineo;Due carreggiate;Bagnato (pioggia);Asfaltata;Verticale ed orizzontale;Nuvoloso;Normale;Buona;Ore Diurne;0;0;0;2;12,44771;41,90513;-1;1;Autoarticolato;In marcia / fermata / arresto;Conducente;M;Illeso;0;;Non accertato;Inesploso
3685148;17;14/02/2018 08:30;Strada Urbana;VIA ANGELO EMO;in prossimità;;del civico n.;35;;Scontro laterale fra veicoli in marcia;Rettilineo;Due carreggiate;Bagnato (pioggia);Asfaltata;Verticale ed orizzontale;Nuvoloso;Normale;Buona;Ore Diurne;0;0;0;2;12,44771;41,90513;-1;2;Autovettura privata;In marcia / fermata / arresto;Conducente;F;Illeso;0;;Non accertato;Inesploso
3685154;9;15/02/2018 09:25;Strada Urbana;VIA TARQUINIO PRISCO;in corrispondenza;;del civico n.;14;;Veicolo in marcia contro veicoli in sosta;Rettilineo;Una carreggiata a senso unico di marcia;Asciutto;Asfaltata;Verticale ed orizzontale;Sereno;Normale;Buona;Ore Diurne;0;0;0;1;12,52473;41,87666;-1;1;Autovettura privata;In marcia / fermata / arresto;Conducente;M;Illeso;0;;Non accertato;Inesploso
3685174;3;14/02/2018 19:40;Strada Urbana;VIALE IPPOCRATE;in prossimità;;del civico n.;91/c/93;;Scontro laterale fra veicoli in marcia;Pendenza;Due carreggiate;Asciutto;Asfaltata;Verticale ed orizzontale;Nuvoloso;Normale;Sufficiente;Sufficiente;0;0;0;2;12,51781;41,90699;-1;1;Autovettura privata;In marcia / fermata / arresto;Conducente;M;Illeso;0;;Non accertato;Inesploso
3685174;3;14/02/2018 19:40;Strada Urbana;VIALE IPPOCRATE;in prossimità;;del civico n.;91/c/93;;Scontro laterale fra veicoli in marcia;Pendenza;Due carreggiate;Asciutto;Asfaltata;Verticale ed orizzontale;Nuvoloso;Normale;Sufficiente;Sufficiente;0;0;0;2;12,51781;41,90699;-1;2;Motociclo a solo;In marcia / fermata / arresto;Conducente;M;Illeso;0;;Non accertato;
3685197;16;14/02/2018 08:30;Strada Urbana;VIA OTTAVIO GASPARRI;in corrispondenza;;del civico n.;42;;Veicolo in marcia contro ostacolo accidentale;Rettilineo;Due carreggiate;Asciutto;Asfaltata;Assente;Nuvoloso;Normale;Buona;Ore Diurne;1;0;0;0;12,44168;41,87882;-1;1;Motociclo a solo;In marcia / fermata / arresto;Conducente;M;Rimandato;0;NON DECEDUTO;Non accertato;
3685234;17;14/02/2018 20:45;Strada Urbana;VIA BERNARDO BARBIELLINI AMIDEI;in prossimità;;del civico n.;39;;Investimento di pedone;Rettilineo;Una carreggiata a doppio senso;Asciutto;Asfaltata;Verticale ed orizzontale;Sereno;Scarso;Sufficiente;Sufficiente;1;0;0;1;12,42632;41,92436;-1;;;;Pedone;M;Rimandato;0;NON DECEDUTO;;
3685234;17;14/02/2018 20:45;Strada Urbana;VIA BERNARDO BARBIELLINI AMIDEI;in prossimità;;del civico n.;39;;Investimento di pedone;Rettilineo;Una carreggiata a doppio senso;Asciutto;Asfaltata;Verticale ed orizzontale;Sereno;Scarso;Sufficiente;Sufficiente;1;0;0;1;12,42632;41,92436;-1;1;Autovettura privata;In marcia / fermata / arresto;Conducente;M;Illeso;0;;Non accertato;Inesploso
3685285;16;14/02/2018 09:40;Strada Urbana;VIALE DEI COLLI PORTUENSI;da specificare;;;;prossimità del fronte civico 392;Veicolo in marcia contro veicolo in sosta;Rettilineo;Due carreggiate;Bagnato (pioggia);Asfaltata;Verticale ed orizzontale;Nuvoloso;Normale;Buona;Ore Diurne;0;0;0;1;12,44404;41,86675;-1;2;Autovettura privata;In marcia / fermata / arresto;Conducente;F;Illeso;0;;Non accertato;Inesploso
3685330;17;14/02/2018 10:15;Strada Urbana;CIRCONVALLAZIONE TRIONFALE;da specificare;;;;ALTEZZA VIA BOVIO ;Tamponamento;Rettilineo;Due carreggiate;Bagnato (pioggia);Asfaltata;Verticale ed orizzontale;Nuvoloso;Normale;Buona;Ore Diurne;0;0;0;2;12,45032;41,91284;-1;1;Autovettura privata;In marcia / fermata / arresto;Conducente;M;Illeso;0;;Non accertato;Inesploso
3685330;17;14/02/2018 10:15;Strada Urbana;CIRCONVALLAZIONE TRIONFALE;da specificare;;;;ALTEZZA VIA BOVIO ;Tamponamento;Rettilineo;Due carreggiate;Bagnato (pioggia);Asfaltata;Verticale ed orizzontale;Nuvoloso;Normale;Buona;Ore Diurne;0;0;0;2;12,45032;41,91284;-1;2;Autocarro inferiore 35 q.;In marcia / fermata / arresto;Conducente;M;Illeso;0;;Non accertato;Inesploso
3685400;12;13/02/2018 09:00;Strada Urbana;PIAZZALE VENTICINQUE MARZO 1957;da specificare;;;;direzione roma centro;Tamponamento;Rettilineo;Due carreggiate;Asciutto;Asfaltata;Verticale ed orizzontale;Sereno;Normale;Buona;Ore Diurne;0;0;0;1;12,46303;41,81852;-1;1;Autovettura privata;In marcia / fermata / arresto;Conducente;M;Illeso;0;;Utilizzato;
3685449;7;15/02/2018 08:35;Strada Urbana;VIA DEGLI OLMI;in prossimità;;del civico n.;25;;Veicolo in marcia contro veicolo arresto;Rettilineo;Una carreggiata a doppio senso;Asciutto;Asfaltata;Orizzontale;Sereno;Normale;Buona;Ore Diurne;1;0;0;1;12,57489;41,87841;-1;1;Autovettura privata;In marcia / fermata / arresto;Conducente;M;Illeso;0;;;
3685449;7;15/02/2018 08:35;Strada Urbana;VIA DEGLI OLMI;in prossimità;;del civico n.;25;;Veicolo in marcia contro veicolo arresto;Rettilineo;Una carreggiata a doppio senso;Asciutto;Asfaltata;Orizzontale;Sereno;Normale;Buona;Ore Diurne;1;0;0;1;12,57489;41,87841;-1;2;Autovettura privata;In marcia / fermata / arresto;Conducente;M;Ricoverato;0;NON DECEDUTO;;
3685462;11;15/02/2018 13:00;Strada Urbana;VIA FRANCESCO ACRI;in corrispondenza;;del civico n.;5;;Tamponamento;Rettilineo;Due carreggiate;Asciutto;Asfaltata;Assente;Sereno;Normale;Buona;Ore Diurne;0;0;0;3;12,48419;41,84477;-1;1;Autovettura privata;In marcia / fermata / arresto;Conducente;M;Illeso;0;;Non accertato;Inesploso
3685462;11;15/02/2018 13:00;Strada Urbana;VIA FRANCESCO ACRI;in corrispondenza;;del civico n.;5;;Tamponamento;Rettilineo;Due carreggiate;Asciutto;Asfaltata;Assente;Sereno;Normale;Buona;Ore Diurne;0;0;0;3;12,48419;41,84477;-1;1;Autovettura privata;In marcia / fermata / arresto;Passeggero;F;Illeso;0;;Non accertato;Inesploso
3685462;11;15/02/2018 13:00;Strada Urbana;VIA FRANCESCO ACRI;in corrispondenza;;del civico n.;5;;Tamponamento;Rettilineo;Due carreggiate;Asciutto;Asfaltata;Assente;Sereno;Normale;Buona;Ore Diurne;0;0;0;3;12,48419;41,84477;-1;2;Autovettura privata;In marcia / fermata / arresto;Conducente;F;Illeso;0;;;
3685475;6;15/02/2018 13:10;Strada Urbana;VIA LUCHINO DAL VERME;all'intersezione con;VIA GUGLIELMO DEGLI UBERTINI;VIA GUGLIELMO DEGLI UBERTINI;;;Scontro frontale/laterale SX fra veicoli in marcia;Incrocio;Una carreggiata a senso unico di marcia;Asciutto;Asfaltata;Verticale ed orizzontale;Sereno;Normale;Buona;Ore Diurne;0;0;0;4;12,53868;41,88868;-1;1;Autovettura privata;In marcia / fermata / arresto;Conducente;M;Illeso;0;;;
3685475;6;15/02/2018 13:10;Strada Urbana;VIA LUCHINO DAL VERME;all'intersezione con;VIA GUGLIELMO DEGLI UBERTINI;VIA GUGLIELMO DEGLI UBERTINI;;;Scontro frontale/laterale SX fra veicoli in marcia;Incrocio;Una carreggiata a senso unico di marcia;Asciutto;Asfaltata;Verticale ed orizzontale;Sereno;Normale;Buona;Ore Diurne;0;0;0;4;12,53868;41,88868;-1;1;Autovettura privata;In marcia / fermata / arresto;Passeggero;F;Illeso;0;;Non accertato;Inesploso
3685475;6;15/02/2018 13:10;Strada Urbana;VIA LUCHINO DAL VERME;all'intersezione con;VIA GUGLIELMO DEGLI UBERTINI;VIA GUGLIELMO DEGLI UBERTINI;;;Scontro frontale/laterale SX fra veicoli in marcia;Incrocio;Una carreggiata a senso unico di marcia;Asciutto;Asfaltata;Verticale ed orizzontale;Sereno;Normale;Buona;Ore Diurne;0;0;0;4;12,53868;41,88868;-1;2;Autovettura privata;In marcia / fermata / arresto;Conducente;M;Illeso;0;;Non accertato;Inesploso
3685475;6;15/02/2018 13:10;Strada Urbana;VIA LUCHINO DAL VERME;all'intersezione con;VIA GUGLIELMO DEGLI UBERTINI;VIA GUGLIELMO DEGLI UBERTINI;;;Scontro frontale/laterale SX fra veicoli in marcia;Incrocio;Una carreggiata a senso unico di marcia;Asciutto;Asfaltata;Verticale ed orizzontale;Sereno;Normale;Buona;Ore Diurne;0;0;0;4;12,53868;41,88868;-1;2;Autovettura privata;In marcia / fermata / arresto;Passeggero;M;Illeso;0;;Non accertato;Inesploso
3685512;20;15/02/2018 11:23;Strada Urbana;VIA DI GROTTAROSSA;in corrispondenza;;del civico n.;1037;;Scontro frontale/laterale SX fra veicoli in marcia;Rettilineo;Una carreggiata a doppio senso;Asciutto;Asfaltata;Verticale ed orizzontale;Sereno;Normale;Buona;Ore Diurne;0;0;0;4;12,4705;41,98144;-1;1;Autovettura privata;In marcia / fermata / arresto;Conducente;F;Illeso;0;;;