Protocollo;Gruppo;DataOraIncidente;Localizzazione1;STRADA1;Localizzazione2;STRADA2;Strada02;Chilometrica;DaSpecificare;NaturaIncidente;particolaritastrade;TipoStrada;FondoStradale;Pavimentazione;Segnaletica;CondizioneAtmosferica;Traffico;Visibilita;Illuminazione;NUM_FERITI;NUM_RISERVATA;NUM_MORTI;NUM_ILLESI;Longitudine;Latitudine;Confermato;Progressivo;TipoVeicolo;StatoVeicolo;TipoPersona;Sesso;Tipolesione;Deceduto;DecedutoDopo;CinturaCascoUtilizzato;Airbag
3693895;15;21/02/2018 08:10;Strada Urbana;VIA DI POZZO PANTALEO;in corrispondenza;;del civico n.;02-apr;;Infortunio per sola frenata improvvisa;Curva a visuale libera;Una carreggiata a senso unico di marcia;Bagnato (umidità in atto);Asfaltata;Verticale;Nuvoloso;Normale;Buona;Ore Diurne;1;0;0;0;12,46498;41,86563;-1;1;Motociclo a solo;In marcia / fermata / arresto;Conducente;M;Rimandato;0;NON DECEDUTO;Utilizzato;
3693901;1;21/02/2018 08:45;Strada Urbana;PIAZZA VITTORIO EMANUELE II;all'intersezione con;VIA MACHIAVELLI;VIA MACHIAVELLI;;;Scontro frontale/laterale SX fra veicoli in marcia;Incrocio;Una carreggiata a doppio senso;Bagnato (pioggia);Acciotolata;Verticale ed orizzontale;Nuvoloso;Normale;Buona;Ore Diurne;0;0;0;2;12,50433;41,8937;-1;1;Autovettura privata;In marcia / fermata / arresto;Conducente;M;Illeso;0;;Non accertato;Inesploso
3693901;1;21/02/2018 08:45;Strada Urbana;PIAZZA VITTORIO EMANUELE II;all'intersezione con;VIA MACHIAVELLI;VIA MACHIAVELLI;;;Scontro frontale/laterale SX fra veicoli in marcia;Incrocio;Una carreggiata a doppio senso;Bagnato (pioggia);Acciotolata;Verticale ed orizzontale;Nuvoloso;Normale;Buona;Ore Diurne;0;0;0;2;12,50433;41,8937;-1;2;Autovettura privata;In marcia / fermata / arresto;Conducente;M;Illeso;0;;Non accertato;
3693932;17;21/02/2018 11:45;Strada Urbana;VIA COLA DI RIENZO;in prossimità;;del civico n.;238;;Veicolo in marcia contro veicolo in sosta;Rettilineo;Una carreggiata a doppio senso;Asciutto;In cubetti di porfido;Verticale ed orizzontale;Nuvoloso;Normale;Buona;Ore Diurne;0;0;0;1;;;0;1;Autovettura privata;In marcia / fermata / arresto;Conducente;F;Illeso;0;;Non accertato;Inesploso
3693941;3;08/02/2018 15:40;Strada Urbana;PIAZZA LECCE;da specificare;;;;FR.CIV.9;Veicolo in marcia contro veicolo in sosta;Rettilineo;Due carreggiate;Asciutto;Asfaltata;Verticale ed orizzontale;Sereno;Normale;Buona;Ore Diurne;0;0;0;1;12,51646;41,91105;-1;1;Autobus urbano;In marcia / fermata / arresto;Conducente;M;Illeso;0;;Non accertato;Inesploso
3693991;7;20/02/2018 18:00;Strada Urbana;VIA PRENESTINA BIS;da specificare;;;;400 mt prima rotatoria con Fosso di Tor Tre Teste;Scontro frontale/laterale DX fra veicoli in marcia;Rettilineo;Due carreggiate;Asciutto;Asfaltata;Assente;Sereno;Normale;Buona;Ore Diurne;1;0;0;1;12,60397;41,88698;-1;1;Autovettura privata;In marcia / fermata / arresto;Conducente;M;Rimandato;0;NON DECEDUTO;Non accertato;Inesploso
3693991;7;20/02/2018 18:00;Strada Urbana;VIA PRENESTINA BIS;da specificare;;;;400 mt prima rotatoria con Fosso di Tor Tre Teste;Scontro frontale/laterale DX fra veicoli in marcia;Rettilineo;Due carreggiate;Asciutto;Asfaltata;Assente;Sereno;Normale;Buona;Ore Diurne;1;0;0;1;12,60397;41,88698;-1;2;Autocarro superiore 35 q.;In marcia / fermata / arresto;Conducente;M;Illeso;0;;Esente;Inesploso
3694169;1;21/02/2018 11:20;Strada Urbana;PIAZZA ALBANIA;all'intersezione semaforizzata con;VIALE DELLA PIRAMIDE CESTIA;VIALE DELLA PIRAMIDE CESTIA;;;Scontro frontale/laterale SX fra veicoli in marcia;Intersezione semaforizzata;Una carreggiata a doppio senso;Asciutto;Acciotolata;Verticale ed orizzontale;Nuvoloso;Normale;Buona;Ore Diurne;1;0;0;2;12,48236;41,87997;-1;1;Autocarro inferiore 35 q.;In marcia / fermata / arresto;Conducente;M;Illeso;0;;Non accertato;Inesploso
3694169;1;21/02/2018 11:20;Strada Urbana;PIAZZA ALBANIA;all'intersezione semaforizzata con;VIALE DELLA PIRAMIDE CESTIA;VIALE DELLA PIRAMIDE CESTIA;;;Scontro frontale/laterale SX fra veicoli in marcia;Intersezione semaforizzata;Una carreggiata a doppio senso;Asciutto;Acciotolata;Verticale ed orizzontale;Nuvoloso;Normale;Buona;Ore Diurne;1;0;0;2;12,48236;41,87997;-1;1;Autocarro inferiore 35 q.;In marcia / fermata / arresto;Passeggero;M;Illeso;0;;Non accertato;Inesploso
3694169;1;21/02/2018 11:20;Strada Urbana;PIAZZA ALBANIA;all'intersezione semaforizzata con;VIALE DELLA PIRAMIDE CESTIA;VIALE DELLA PIRAMIDE CESTIA;;;Scontro frontale/laterale SX fra veicoli in marcia;Intersezione semaforizzata;Una carreggiata a doppio senso;Asciutto;Acciotolata;Verticale ed orizzontale;Nuvoloso;Normale;Buona;Ore Diurne;1;0;0;2;12,48236;41,87997;-1;2;Autovettura privata;In marcia / fermata / arresto;Conducente;M;Rimandato;0;NON DECEDUTO;Non accertato;Inesploso
3694258;13;11/02/2018 17:30;Statale entro l'abitato;VIA DEL MARE;da specificare;;;;dir. Ostia, altezza svincolo Vle Dei Romagnoli;Tamponamento;Rettilineo;Una carreggiata a senso unico di marcia;Asciutto;Asfaltata;Verticale;Nuvoloso;Normale;Buona;Ore Diurne;0;0;0;1;12,36439;41,78522;-1;1;Autovettura privata;In marcia / fermata / arresto;Conducente;M;Illeso;0;;;
3694293;20;21/02/2018 15:10;Strada Urbana;VIA DEI COLLI DELLA FARNESINA;in corrispondenza;;del palo luce n.;02-apr;;Veicolo in marcia contro ostacolo fisso;Rettilineo;Una carreggiata a doppio senso;Asciutto;Asfaltata;Verticale ed orizzontale;Nuvoloso;Scarso;Buona;Ore Diurne;0;0;0;1;12,45737;41,94139;-1;1;Autovettura privata;In marcia / fermata / arresto;Conducente;M;Illeso;0;;Non accertato;Inesploso
3694294;16;20/02/2018 08:00;Strada Urbana;VIA GIOVANNI DE ROMANIS;all'intersezione con;VIA ANTONIO PIGNATELLI;VIA ANTONIO PIGNATELLI;;;Scontro frontale/laterale DX fra veicoli in marcia;Incrocio;Due carreggiate;Asciutto;Asfaltata;Verticale;Nuvoloso;Normale;Buona;Ore Diurne;0;0;0;3;12,45072;41,87252;-1;1;Autovettura privata;In marcia / fermata / arresto;Conducente;M;Illeso;0;;Non accertato;
3694294;16;20/02/2018 08:00;Strada Urbana;VIA GIOVANNI DE ROMANIS;all'intersezione con;VIA ANTONIO PIGNATELLI;VIA ANTONIO PIGNATELLI;;;Scontro frontale/laterale DX fra veicoli in marcia;Incrocio;Due carreggiate;Asciutto;Asfaltata;Verticale;Nuvoloso;Normale;Buona;Ore Diurne;0;0;0;3;12,45072;41,87252;-1;1;Autovettura privata;In marcia / fermata / arresto;Passeggero;M;Illeso;0;;Non accertato;
3694294;16;20/02/2018 08:00;Strada Urbana;VIA GIOVANNI DE ROMANIS;all'intersezione con;VIA ANTONIO PIGNATELLI;VIA ANTONIO PIGNATELLI;;;Scontro frontale/laterale DX fra veicoli in marcia;Incrocio;Due carreggiate;Asciutto;Asfaltata;Verticale;Nuvoloso;Normale;Buona;Ore Diurne;0;0;0;3;12,45072;41,87252;-1;2;Autovettura privata;In marcia / fermata / arresto;Conducente;F;Illeso;0;;Non accertato;
3694330;16;20/02/2018 11:00;Strada Urbana;VIALE DEI COLLI PORTUENSI;in prossimità;;del civico n.;10;;Scontro laterale fra veicoli in marcia;Rettilineo;Una carreggiata a senso unico di marcia;Asciutto;Asfaltata;Verticale ed orizzontale;Sereno;Normale;Buona;Ore Diurne;0;0;0;2;12,44256;41,87649;-1;1;Autovettura privata;In marcia / fermata / arresto;Conducente;M;Illeso;0;;Non accertato;
3694330;16;20/02/2018 11:00;Strada Urbana;VIALE DEI COLLI PORTUENSI;in prossimità;;del civico n.;10;;Scontro laterale fra veicoli in marcia;Rettilineo;Una carreggiata a senso unico di marcia;Asciutto;Asfaltata;Verticale ed orizzontale;Sereno;Normale;Buona;Ore Diurne;0;0;0;2;12,44256;41,87649;-1;2;Autovettura privata;In marcia / fermata / arresto;Conducente;F;Illeso;0;;Non accertato;
3694442;6;21/02/2018 15:00;Strada Urbana;VIA CASILINA;in prossimità;;del civico n.;646;;Tamponamento Multiplo;Rettilineo;Due carreggiate;Asciutto;Asfaltata;Verticale ed orizzontale;Nuvoloso;Normale;Buona;Ore Diurne;1;0;0;2;12,5526;41,87672;-1;1;Autovettura privata;In marcia / fermata / arresto;Conducente;F;Illeso;0;;Non accertato;Inesploso
3694442;6;21/02/2018 15:00;Strada Urbana;VIA CASILINA;in prossimità;;del civico n.;646;;Tamponamento Multiplo;Rettilineo;Due carreggiate;Asciutto;Asfaltata;Verticale ed orizzontale;Nuvoloso;Normale;Buona;Ore Diurne;1;0;0;2;12,5526;41,87672;-1;2;Autovettura privata;In marcia / fermata / arresto;Conducente;F;Rifiuta cure immediate;0;NON DECEDUTO;Non accertato;Inesploso
3694442;6;21/02/2018 15:00;Strada Urbana;VIA CASILINA;in prossimità;;del civico n.;646;;Tamponamento Multiplo;Rettilineo;Due carreggiate;Asciutto;Asfaltata;Verticale ed orizzontale;Nuvoloso;Normale;Buona;Ore Diurne;1;0;0;2;12,5526;41,87672;-1;3;Autovettura privata;In marcia / fermata / arresto;Conducente;M;Illeso;0;;Non accertato;Inesploso
3694444;16;20/02/2018 16:20;Strada Urbana;VIA DEI CAPASSO;da specificare;;;;prossimità capolinea ATAC;Veicolo in marcia contro veicolo in sosta;Rettilineo;Due carreggiate;Asciutto;Asfaltata;Verticale ed orizzontale;Sereno;Normale;Buona;Ore Diurne;0;0;0;2;12,42525;41,88396;-1;1;Autobus di linea;In marcia / fermata / arresto;Conducente;M;Illeso;0;;Non accertato;Inesploso
3694444;16;20/02/2018 16:20;Strada Urbana;VIA DEI CAPASSO;da specificare;;;;prossimità capolinea ATAC;Veicolo in marcia contro veicolo in sosta;Rettilineo;Due carreggiate;Asciutto;Asfaltata;Verticale ed orizzontale;Sereno;Normale;Buona;Ore Diurne;0;0;0;2;12,42525;41,88396;-1;2;Autocarro inferiore 35 q.;Sosta;Passeggero;M;Illeso;0;;Non accertato;Inesploso
3694457;15;21/02/2018 09:20;Strada Urbana;VIA CONZANO;in prossimità;;del civico n.;83;;Scontro laterale fra veicoli in marcia;Rettilineo;Una carreggiata a doppio senso;Bagnato (pioggia);Asfaltata;Assente;Nuvoloso;Scarso;Buona;Sufficiente;0;0;0;2;12,30554;41,82305;-1;1;Autovettura privata;In marcia / fermata / arresto;Conducente;M;Illeso;0;;Utilizzato;Inesploso
3694457;15;21/02/2018 09:20;Strada Urbana;VIA CONZANO;in prossimità;;del civico n.;83;;Scontro laterale fra veicoli in marcia;Rettilineo;Una carreggiata a doppio senso;Bagnato (pioggia);Asfaltata;Assente;Nuvoloso;Scarso;Buona;Sufficiente;0;0;0;2;12,30554;41,82305;-1;2;Autovettura privata;In marcia / fermata / arresto;Conducente;M;Illeso;0;;;Inesploso
3694462;15;21/02/2018 11:05;Strada Urbana;VIA DEGLI ADIMARI;in corrispondenza;;del civico n.;6;;Veicolo in marcia contro ostacolo accidentale;Rettilineo;Una carreggiata a senso unico di marcia;Asciutto;Asfaltata;Verticale ed orizzontale;Sereno;Scarso;Buona;Ore Diurne;0;0;0;3;12,42302;41,85186;-1;1;Autovettura privata;Sosta;Passeggero;F;Illeso;0;;Utilizzato;
3694462;15;21/02/2018 11:05;Strada Urbana;VIA DEGLI ADIMARI;in corrispondenza;;del civico n.;6;;Veicolo in marcia contro ostacolo accidentale;Rettilineo;Una carreggiata a senso unico di marcia;Asciutto;Asfaltata;Verticale ed orizzontale;Sereno;Scarso;Buona;Ore Diurne;0;0;0;3;12,42302;41,85186;-1;2;Autovettura privata;In marcia / fermata / arresto;Conducente;M;Illeso;0;;Utilizzato;
3694462;15;21/02/2018 11:05;Strada Urbana;VIA DEGLI ADIMARI;in corrispondenza;;del civico n.;6;;Veicolo in marcia contro ostacolo accidentale;Rettilineo;Una carreggiata a senso unico di marcia;Asciutto;Asfaltata;Verticale ed orizzontale;Sereno;Scarso;Buona;Ore Diurne;0;0;0;3;12,42302;41,85186;-1;2;Autovettura privata;In marcia / fermata / arresto;Passeggero;F;Illeso;0;;Utilizzato;
3694467;19;21/02/2018 15:20;Strada Urbana;VIA SENECA;in prossimità;;del civico n.;2;;Scontro laterale fra veicoli in marcia;Rettilineo;Una carreggiata a doppio senso;Asciutto;Asfaltata;Orizzontale;Sereno;Scarso;Buona;Ore Diurne;0;0;0;2;12,44557;41,92232;-1;1;Autovettura privata;In marcia / fermata / arresto;Conducente;F;Illeso;0;;;
3694467;19;21/02/2018 15:20;Strada Urbana;VIA SENECA;in prossimità;;del civico n.;2;;Scontro laterale fra veicoli in marcia;Rettilineo;Una carreggiata a doppio senso;Asciutto;Asfaltata;Orizzontale;Sereno;Scarso;Buona;Ore Diurne;0;0;0;2;12,44557;41,92232;-1;2;Autovettura privata;In marcia / fermata / arresto;Conducente;F;Illeso;0;;;
3694469;15;21/02/2018 10:30;Strada Urbana;VIA PORTUENSE;all'intersezione semaforizzata con;VIA GUGLIELMO MENGARINI;VIA GUGLIELMO MENGARINI;;;Investimento di pedone;Intersezione semaforizzata;Una carreggiata a doppio senso;Asciutto;Asfaltata;Verticale ed orizzontale;Nuvoloso;Normale;Buona;Ore Diurne;0;0;0;2;12,41402;41,84696;-1;;;;Pedone;F;Illeso;0;;;
3694469;15;21/02/2018 10:30;Strada Urbana;VIA PORTUENSE;all'intersezione semaforizzata con;VIA GUGLIELMO MENGARINI;VIA GUGLIELMO MENGARINI;;;Investimento di pedone;Intersezione semaforizzata;Una carreggiata a doppio senso;Asciutto;Asfaltata;Verticale ed orizzontale;Nuvoloso;Normale;Buona;Ore Diurne;0;0;0;2;12,41402;41,84696;-1;1;Autovettura privata;In marcia / fermata / arresto;Conducente;F;Illeso;0;;Utilizzato;Inesploso
3694484;16;20/02/2018 17:30;;VIA PIO FOA';all'intersezione semaforizzata con;VIA VITELLIA;VIA VITELLIA;;;Veicolo in marcia contro ostacolo fisso;;;;;;;;;;0;0;0;1;;;0;1;Autovettura privata;In marcia / fermata / arresto;Conducente;F;Illeso;0;;;
3694491;18;21/02/2018 16:15;Strada Urbana;VIA LEONE XIII;in prossimità;;del civico n.;464;;Tamponamento;Rettilineo;Due carreggiate;Asciutto;Asfaltata;Verticale ed orizzontale;Nuvoloso;Normale;Buona;Ore Diurne;0;0;0;2;12,4374;41,89339;-1;1;Autovettura privata;In marcia / fermata / arresto;Conducente;F;Illeso;0;;;Inesploso
3694491;18;21/02/2018 16:15;Strada Urbana;VIA LEONE XIII;in prossimità;;del civico n.;464;;Tamponamento;Rettilineo;Due carreggiate;Asciutto;Asfaltata;Verticale ed orizzontale;Nuvoloso;Normale;Buona;Ore Diurne;0;0;0;2;12,4374;41,89339;-1;2;Autovettura privata;In marcia / fermata / arresto;Conducente;F;Illeso;0;;Non accertato;Inesploso
3694506;13;21/02/2018 09:30;Strada Urbana;VIALE VASCO DE GAMA;all'intersezione con;VIA STEFANO CANSACCHI;VIA STEFANO CANSACCHI;;;Scontro frontale/laterale SX fra veicoli in marcia;Incrocio;Due carreggiate;Bagnato (pioggia);Asfaltata;Orizzontale;Pioggia in atto;Normale;Buona;Ore Diurne;0;0;0;3;12,27595;41,73425;-1;1;Autovettura privata;In marcia / fermata / arresto;Conducente;M;Illeso;0;;Non accertato;Inesploso
3694506;13;21/02/2018 09:30;Strada Urbana;VIALE VASCO DE GAMA;all'intersezione con;VIA STEFANO CANSACCHI;VIA STEFANO CANSACCHI;;;Scontro frontale/laterale SX fra veicoli in marcia;Incrocio;Due carreggiate;Bagnato (pioggia);Asfaltata;Orizzontale;Pioggia in atto;Normale;Buona;Ore Diurne;0;0;0;3;12,27595;41,73425;-1;1;Autovettura privata;In marcia / fermata / arresto;Passeggero;F;Illeso;0;;Non accertato;Inesploso
3694506;13;21/02/2018 09:30;Strada Urbana;VIALE VASCO DE GAMA;all'intersezione con;VIA STEFANO CANSACCHI;VIA STEFANO CANSACCHI;;;Scontro frontale/laterale SX fra veicoli in marcia;Incrocio;Due carreggiate;Bagnato (pioggia);Asfaltata;Orizzontale;Pioggia in atto;Normale;Buona;Ore Diurne;0;0;0;3;12,27595;41,73425;-1;2;Autovettura privata;In marcia / fermata / arresto;Conducente;M;Illeso;0;;Non accertato;Inesploso
3694510;16;20/02/2018 18:30;;VIA SILVESTRI;in corrispondenza;;del civico n.;220;;Tamponamento;;;;;;;;;;0;0;0;2;;;0;;;;Pedone;M;Illeso;0;;;
3694510;16;20/02/2018 18:30;;VIA SILVESTRI;in corrispondenza;;del civico n.;220;;Tamponamento;;;;;;;;;;0;0;0;2;;;0;1;Motociclo a solo;In marcia / fermata / arresto;Conducente;M;Illeso;0;;;
3694523;16;20/02/2018 22:30;;VIA PORTUENSE;in prossimità;;del civico n.;524;;Veicolo in marcia contro veicolo in sosta;;;;;;;;;;0;0;0;2;12,44773;41,85796;0;1;Autovettura privata;In marcia / fermata / arresto;Conducente;F;Illeso;0;;;
3694523;16;20/02/2018 22:30;;VIA PORTUENSE;in prossimità;;del civico n.;524;;Veicolo in marcia contro veicolo in sosta;;;;;;;;;;0;0;0;2;12,44773;41,85796;0;2;Autovettura privata;In marcia / fermata / arresto;Conducente;F;Illeso;0;;;
3694544;1;21/02/2018 13:50;Strada Urbana;VIA GIOVANNI BRANCA;in prossimità;;del civico n.;90;;Veicolo in marcia contro veicolo in sosta;Rettilineo;Una carreggiata a doppio senso;Asciutto;Asfaltata;Verticale ed orizzontale;Nuvoloso;Normale;Buona;Ore Diurne;0;0;0;1;12,47375;41,87952;-1;1;Autovettura privata;In marcia / fermata / arresto;Conducente;F;Illeso;0;;Non utilizzato;Inesploso
3694559;13;21/02/2018 07:10;Strada Urbana;PIAZZALE CRISTOFORO COLOMBO;all'intersezione con;LUNGOMARE LUTAZIO CATULO;LUNGOMARE LUTAZIO CATULO;;;Scontro laterale fra veicoli in marcia;Rotatoria;Una carreggiata a senso unico di marcia;Asciutto;Asfaltata;Orizzontale;Nuvoloso;Normale;Buona;Ore Diurne;0;0;0;3;12,31817;41,71463;-1;1;Autovettura privata;In marcia / fermata / arresto;Conducente;M;Illeso;0;;Non accertato;Inesploso
3694559;13;21/02/2018 07:10;Strada Urbana;PIAZZALE CRISTOFORO COLOMBO;all'intersezione con;LUNGOMARE LUTAZIO CATULO;LUNGOMARE LUTAZIO CATULO;;;Scontro laterale fra veicoli in marcia;Rotatoria;Una carreggiata a senso unico di marcia;Asciutto;Asfaltata;Orizzontale;Nuvoloso;Normale;Buona;Ore Diurne;0;0;0;3;12,31817;41,71463;-1;2;Autovettura di polizia;In marcia / fermata / arresto;Conducente;M;Illeso;0;;Non accertato;Inesploso
3694559;13;21/02/2018 07:10;Strada Urbana;PIAZZALE CRISTOFORO COLOMBO;all'intersezione con;LUNGOMARE LUTAZIO CATULO;LUNGOMARE LUTAZIO CATULO;;;Scontro laterale fra veicoli in marcia;Rotatoria;Una carreggiata a senso unico di marcia;Asciutto;Asfaltata;Orizzontale;Nuvoloso;Normale;Buona;Ore Diurne;0;0;0;3;12,31817;41,71463;-1;2;Autovettura di polizia;In marcia / fermata / arresto;Passeggero;F;Illeso;0;;Non accertato;Inesploso
3694589;13;21/02/2018 12:30;Strada Urbana;VIALE PAOLO ORLANDO;in corrispondenza;;del civico n.;11;;Veicolo in marcia contro veicolo fermo;Rettilineo;Due carreggiate;Asciutto;Asfaltata;Verticale ed orizzontale;Nuvoloso;Normale;Buona;Ore Diurne;0;0;0;2;12,28413;41,73148;-1;1;Autovettura privata;In marcia / fermata / arresto;Conducente;F;Illeso;0;;;
3694589;13;21/02/2018 12:30;Strada Urbana;VIALE PAOLO ORLANDO;in corrispondenza;;del civico n.;11;;Veicolo in marcia contro veicolo fermo;Rettilineo;Due carreggiate;Asciutto;Asfaltata;Verticale ed orizzontale;Nuvoloso;Normale;Buona;Ore Diurne;0;0;0;2;12,28413;41,73148;-1;1;Autovettura privata;In marcia / fermata / arresto;Passeggero;M;Illeso;0;;Non accertato;Inesploso
3694605;19;21/02/2018 08:20;Strada Urbana;VIA DI TORREVECCHIA;in prossimità;;del civico n.;169;;Scontro laterale fra veicoli in marcia;Rettilineo;Una carreggiata a doppio senso;Asciutto;Asfaltata;Orizzontale;Nuvoloso;Intenso;Buona;Ore Diurne;0;0;0;4;12,41819;41,93004;-1;1;Autocarro inferiore 35 q.;In marcia / fermata / arresto;Conducente;M;Illeso;0;;;
3694605;19;21/02/2018 08:20;Strada Urbana;VIA DI TORREVECCHIA;in prossimità;;del civico n.;169;;Scontro laterale fra veicoli in marcia;Rettilineo;Una carreggiata a doppio senso;Asciutto;Asfaltata;Orizzontale;Nuvoloso;Intenso;Buona;Ore Diurne;0;0;0;4;12,41819;41,93004;-1;1;Autocarro inferiore 35 q.;In marcia / fermata / arresto;Passeggero;M;Illeso;0;;Non accertato;
3694605;19;21/02/2018 08:20;Strada Urbana;VIA DI TORREVECCHIA;in prossimità;;del civico n.;169;;Scontro laterale fra veicoli in marcia;Rettilineo;Una carreggiata a doppio senso;Asciutto;Asfaltata;Orizzontale;Nuvoloso;Intenso;Buona;Ore Diurne;0;0;0;4;12,41819;41,93004;-1;2;Autovettura privata;In marcia / fermata / arresto;Conducente;M;Illeso;0;;;
3694605;19;21/02/2018 08:20;Strada Urbana;VIA DI TORREVECCHIA;in prossimità;;del civico n.;169;;Scontro laterale fra veicoli in marcia;Rettilineo;Una carreggiata a doppio senso;Asciutto;Asfaltata;Orizzontale;Nuvoloso;Intenso;Buona;Ore Diurne;0;0;0;4;12,41819;41,93004;-1;2;Autovettura privata;In marcia / fermata / arresto;Passeggero;M;Illeso;0;;;
3694613;19;21/02/2018 09:50;Strada Urbana;VIA PIETRO MAFFI;in prossimità;;del civico n.;86/b;;Veicolo in marcia contro veicolo in sosta;Rettilineo;Una carreggiata a doppio senso;Asciutto;Asfaltata;Orizzontale;Nuvoloso;Normale;Buona;Ore Diurne;0;0;0;1;12,41904;41,92463;-1;2;Autovettura privata;In marcia / fermata / arresto;Conducente;M;Illeso;0;;;
3694622;5;21/02/2018 18:30;Strada Urbana;VIA TIBURTINA;da specificare;;;;altezza via Cicogna;Scontro laterale fra veicoli in marcia;Curva a visuale libera;Una carreggiata a senso unico di marcia;Asciutto;Asfaltata;Verticale ed orizzontale;Nuvoloso;Normale;Sufficiente;Ore Diurne;0;0;0;3;12,56761;41,92395;-1;1;Autovettura privata;In marcia / fermata / arresto;Conducente;F;Illeso;0;;Non accertato;Inesploso
3694622;5;21/02/2018 18:30;Strada Urbana;VIA TIBURTINA;da specificare;;;;altezza via Cicogna;Scontro laterale fra veicoli in marcia;Curva a visuale libera;Una carreggiata a senso unico di marcia;Asciutto;Asfaltata;Verticale ed orizzontale;Nuvoloso;Normale;Sufficiente;Ore Diurne;0;0;0;3;12,56761;41,92395;-1;1;Autovettura privata;In marcia / fermata / arresto;Passeggero;F;Illeso;0;;Non accertato;Inesploso
3694622;5;21/02/2018 18:30;Strada Urbana;VIA TIBURTINA;da specificare;;;;altezza via Cicogna;Scontro laterale fra veicoli in marcia;Curva a visuale libera;Una carreggiata a senso unico di marcia;Asciutto;Asfaltata;Verticale ed orizzontale;Nuvoloso;Normale;Sufficiente;Ore Diurne;0;0;0;3;12,56761;41,92395;-1;2;Autovettura privata;In marcia / fermata / arresto;Conducente;F;Illeso;0;;Non accertato;Inesploso
3694626;9;21/02/2018 18:20;Strada Urbana;VIA APPIA NUOVA;all'intersezione semaforizzata con;LARGO DEI COLLI ALBANI;LARGO DEI COLLI ALBANI;;;Tamponamento;Incrocio;Due carreggiate;Asciutto;Asfaltata;Verticale ed orizzontale;Sereno;Normale;Buona;Ore Diurne;2;0;0;1;12,52902;41,86998;-1;1;Autovettura privata;In marcia / fermata / arresto;Conducente;F;Illeso;0;;Utilizzato;Inesploso
3694626;9;21/02/2018 18:20;Strada Urbana;VIA APPIA NUOVA;all'intersezione semaforizzata con;LARGO DEI COLLI ALBANI;LARGO DEI COLLI ALBANI;;;Tamponamento;Incrocio;Due carreggiate;Asciutto;Asfaltata;Verticale ed orizzontale;Sereno;Normale;Buona;Ore Diurne;2;0;0;1;12,52902;41,86998;-1;2;Autovettura privata;In marcia / fermata / arresto;Conducente;M;Rimandato;0;NON DECEDUTO;Utilizzato;Inesploso
3694626;9;21/02/2018 18:20;Strada Urbana;VIA APPIA NUOVA;all'intersezione semaforizzata con;LARGO DEI COLLI ALBANI;LARGO DEI COLLI ALBANI;;;Tamponamento;Incrocio;Due carreggiate;Asciutto;Asfaltata;Verticale ed orizzontale;Sereno;Normale;Buona;Ore Diurne;2;0;0;1;12,52902;41,86998;-1;2;Autovettura privata;In marcia / fermata / arresto;Passeggero;F;Rimandato;0;NON DECEDUTO;Utilizzato;Inesploso
3694712;12;21/02/2018 17:40;Provinciale entro l'abitato;VIA LAURENTINA;all'intersezione semaforizzata con;VIA DI ACQUA ACETOSA OSTIENSE;VIA DI ACQUA ACETOSA OSTIENSE;;;Scontro laterale fra veicoli in marcia;Intersezione semaforizzata;Due carreggiate;Asciutto;Asfaltata;Verticale ed orizzontale;Nuvoloso;Normale;Buona;Ore Diurne;2;0;0;3;12,48119;41,8012;-1;1;Autovettura privata;In marcia / fermata / arresto;Conducente;F;Rimandato;0;NON DECEDUTO;Non accertato;Inesploso
3694712;12;21/02/2018 17:40;Provinciale entro l'abitato;VIA LAURENTINA;all'intersezione semaforizzata con;VIA DI ACQUA ACETOSA OSTIENSE;VIA DI ACQUA ACETOSA OSTIENSE;;;Scontro laterale fra veicoli in marcia;Intersezione semaforizzata;Due carreggiate;Asciutto;Asfaltata;Verticale ed orizzontale;Nuvoloso;Normale;Buona;Ore Diurne;2;0;0;3;12,48119;41,8012;-1;1;Autovettura privata;In marcia / fermata / arresto;Passeggero;F;Illeso;0;;Non accertato;Inesploso
3694712;12;21/02/2018 17:40;Provinciale entro l'abitato;VIA LAURENTINA;all'intersezione semaforizzata con;VIA DI ACQUA ACETOSA OSTIENSE;VIA DI ACQUA ACETOSA OSTIENSE;;;Scontro laterale fra veicoli in marcia;Intersezione semaforizzata;Due carreggiate;Asciutto;Asfaltata;Verticale ed orizzontale;Nuvoloso;Normale;Buona;Ore Diurne;2;0;0;3;12,48119;41,8012;-1;1;Autovettura privata;In marcia / fermata / arresto;Passeggero;M;Illeso;0;;Non accertato;Inesploso
3694712;12;21/02/2018 17:40;Provinciale entro l'abitato;VIA LAURENTINA;all'intersezione semaforizzata con;VIA DI ACQUA ACETOSA OSTIENSE;VIA DI ACQUA ACETOSA OSTIENSE;;;Scontro laterale fra veicoli in marcia;Intersezione semaforizzata;Due carreggiate;Asciutto;Asfaltata;Verticale ed orizzontale;Nuvoloso;Normale;Buona;Ore Diurne;2;0;0;3;12,48119;41,8012;-1;1;Autovettura privata;In marcia / fermata / arresto;Passeggero;M;Illeso;0;;Non accertato;Inesploso
3694712;12;21/02/2018 17:40;Provinciale entro l'abitato;VIA LAURENTINA;all'intersezione semaforizzata con;VIA DI ACQUA ACETOSA OSTIENSE;VIA DI ACQUA ACETOSA OSTIENSE;;;Scontro laterale fra veicoli in marcia;Intersezione semaforizzata;Due carreggiate;Asciutto;Asfaltata;Verticale ed orizzontale;Nuvoloso;Normale;Buona;Ore Diurne;2;0;0;3;12,48119;41,8012;-1;2;Autovettura privata;In marcia / fermata / arresto;Conducente;M;Rimandato;0;NON DECEDUTO;Non accertato;Inesploso