Protocollo;Gruppo;DataOraIncidente;Localizzazione1;STRADA1;Localizzazione2;STRADA2;Strada02;Chilometrica;DaSpecificare;NaturaIncidente;particolaritastrade;TipoStrada;FondoStradale;Pavimentazione;Segnaletica;CondizioneAtmosferica;Traffico;Visibilita;Illuminazione;NUM_FERITI;NUM_RISERVATA;NUM_MORTI;NUM_ILLESI;Longitudine;Latitudine;Confermato;Progressivo;TipoVeicolo;StatoVeicolo;TipoPersona;Sesso;Tipolesione;Deceduto;DecedutoDopo;CinturaCascoUtilizzato;Airbag
3701361;9;25/02/2018 23:50;Strada Urbana;VIA DI TOR BELLA MONACA;in corrispondenza;;del civico n.;491;;Veicolo in marcia contro ostacolo fisso;Rettilineo;Due carreggiate;Con neve;Asfaltata;Assente;Nevicata in atto;Scarso;Sufficiente;Sufficiente;0;0;0;2;12,63225;41,87187;-1;1;Autovettura privata;In marcia / fermata / arresto;Passeggero;F;Illeso;0;;Non accertato;Inesploso
3701367;9;25/02/2018 23:55;;VIA DI TOR BELLA MONACA;in corrispondenza;;del civico n.;491;;Veicolo in marcia contro ostacolo fisso;;;;;;;;;;0;0;0;2;12,63381;41,87144;0;1;Autovettura privata;In marcia / fermata / arresto;Conducente;M;Illeso;0;;Non accertato;Inesploso
3701367;9;25/02/2018 23:55;;VIA DI TOR BELLA MONACA;in corrispondenza;;del civico n.;491;;Veicolo in marcia contro ostacolo fisso;;;;;;;;;;0;0;0;2;12,63381;41,87144;0;1;Autovettura privata;In marcia / fermata / arresto;Passeggero;M;Illeso;0;;Non accertato;Inesploso
3701376;4;25/02/2018 23:50;Strada Urbana;VIA VIBIO MARIANO;in prossimità;;del civico n.;13;;Investimento di pedone;Rettilineo;Una carreggiata a doppio senso;Bagnato (pioggia);Asfaltata;Verticale;Pioggia in atto;Scarso;Buona;Sufficiente;2;0;0;1;12,4441;41,96575;-1;;;;Pedone;M;Ricoverato;0;NON DECEDUTO;;
3701376;4;25/02/2018 23:50;Strada Urbana;VIA VIBIO MARIANO;in prossimità;;del civico n.;13;;Investimento di pedone;Rettilineo;Una carreggiata a doppio senso;Bagnato (pioggia);Asfaltata;Verticale;Pioggia in atto;Scarso;Buona;Sufficiente;2;0;0;1;12,4441;41,96575;-1;;;;Pedone;M;Rimandato;0;NON DECEDUTO;;
3701376;4;25/02/2018 23:50;Strada Urbana;VIA VIBIO MARIANO;in prossimità;;del civico n.;13;;Investimento di pedone;Rettilineo;Una carreggiata a doppio senso;Bagnato (pioggia);Asfaltata;Verticale;Pioggia in atto;Scarso;Buona;Sufficiente;2;0;0;1;12,4441;41,96575;-1;1;Motociclo a solo;In marcia / fermata / arresto;Conducente;M;Illeso;0;;;
3701391;4;25/02/2018 11:30;Strada Urbana;PIAZZA CONCA D'ORO;da specificare;;;;altezza civico 8 (Unicredit);Scontro laterale fra veicoli in marcia;Rettilineo;Una carreggiata a senso unico di marcia;Asciutto;Asfaltata;Verticale ed orizzontale;Nuvoloso;Normale;Buona;Ore Diurne;0;0;0;2;12,52748;41,93911;-1;1;Autovettura privata;In marcia / fermata / arresto;Conducente;M;Illeso;0;;;
3701391;4;25/02/2018 11:30;Strada Urbana;PIAZZA CONCA D'ORO;da specificare;;;;altezza civico 8 (Unicredit);Scontro laterale fra veicoli in marcia;Rettilineo;Una carreggiata a senso unico di marcia;Asciutto;Asfaltata;Verticale ed orizzontale;Nuvoloso;Normale;Buona;Ore Diurne;0;0;0;2;12,52748;41,93911;-1;2;Autovettura privata;In marcia / fermata / arresto;Conducente;M;Illeso;0;;;
3701443;7;25/02/2018 23:00;Strada Urbana;VIA PRENESTINA;in prossimità;;del civico n.;1192;;Veicolo in marcia contro ostacolo accidentale;Rettilineo;Una carreggiata a doppio senso;Bagnato (pioggia);Asfaltata;Assente;Pioggia in atto;Scarso;Insufficiente;Insufficiente;0;0;0;2;12,62751;41,89273;-1;1;Autovettura privata;In marcia / fermata / arresto;Conducente;M;Illeso;0;;Non accertato;Inesploso
3701443;7;25/02/2018 23:00;Strada Urbana;VIA PRENESTINA;in prossimità;;del civico n.;1192;;Veicolo in marcia contro ostacolo accidentale;Rettilineo;Una carreggiata a doppio senso;Bagnato (pioggia);Asfaltata;Assente;Pioggia in atto;Scarso;Insufficiente;Insufficiente;0;0;0;2;12,62751;41,89273;-1;1;Autovettura privata;In marcia / fermata / arresto;Passeggero;F;Illeso;0;;Non accertato;Inesploso
3701466;4;25/02/2018 13:00;Statale entro l'abitato;VIA SALARIA;da specificare;;;;altezza Via Montevarchi direzione  Roma centro;Veicolo in marcia contro ostacolo fisso;Rettilineo;Due carreggiate;Asciutto;Con buche;Verticale ed orizzontale;Nuvoloso;Normale;Buona;Ore Diurne;0;0;0;1;12,51724;41,98601;-1;1;Autovettura privata;In marcia / fermata / arresto;Conducente;M;Illeso;0;;Non accertato;Inesploso
3701479;4;26/02/2018 02:30;Strada Urbana;VIA MONTE CERVIALTO;all'intersezione semaforizzata con;VIA CAMILLO IACOBINI;VIA CAMILLO IACOBINI;;;Veicolo in marcia contro ostacolo fisso;Intersezione semaforizzata;Due carreggiate;Bagnato (pioggia);Asfaltata;Verticale ed orizzontale;Nevicata in atto;Scarso;Sufficiente;Sufficiente;1;0;0;0;12,52321;41,95409;-1;1;Autovettura privata;In marcia / fermata / arresto;Conducente;F;Rimandato;0;NON DECEDUTO;Non accertato;Inesploso
3701496;5;24/02/2018 19:15;Strada Urbana;VIA TIBURTINA;da specificare;;;;prossimità via L. Cesana;Infortunio per sola frenata improvvisa;Rettilineo;Due carreggiate;Bagnato (pioggia);Asfaltata;Verticale ed orizzontale;Pioggia in atto;Normale;Buona;Sufficiente;0;1;0;0;12,55093;41,9112;-1;1;Motociclo a solo;In marcia / fermata / arresto;Conducente;M;Prognosi riservata;0;NON DECEDUTO;;
3701530;8;24/02/2018 09:45;Statale entro l'abitato;VIA CASILINA;in prossimità;;del palo luce n.;613;;Tamponamento;Rettilineo;Una carreggiata a doppio senso;Bagnato (pioggia);Asfaltata;Verticale ed orizzontale;Pioggia in atto;Normale;Buona;Ore Diurne;1;0;0;5;12,62713;41,86324;-1;1;Autovettura privata;In marcia / fermata / arresto;Conducente;M;Ricoverato;0;NON DECEDUTO;Non accertato;Inesploso
3701530;8;24/02/2018 09:45;Statale entro l'abitato;VIA CASILINA;in prossimità;;del palo luce n.;613;;Tamponamento;Rettilineo;Una carreggiata a doppio senso;Bagnato (pioggia);Asfaltata;Verticale ed orizzontale;Pioggia in atto;Normale;Buona;Ore Diurne;1;0;0;5;12,62713;41,86324;-1;2;Autovettura privata;In marcia / fermata / arresto;Conducente;M;Illeso;0;;Non accertato;Inesploso
3701530;8;24/02/2018 09:45;Statale entro l'abitato;VIA CASILINA;in prossimità;;del palo luce n.;613;;Tamponamento;Rettilineo;Una carreggiata a doppio senso;Bagnato (pioggia);Asfaltata;Verticale ed orizzontale;Pioggia in atto;Normale;Buona;Ore Diurne;1;0;0;5;12,62713;41,86324;-1;2;Autovettura privata;In marcia / fermata / arresto;Passeggero;M;Illeso;0;;Non accertato;Inesploso
3701530;8;24/02/2018 09:45;Statale entro l'abitato;VIA CASILINA;in prossimità;;del palo luce n.;613;;Tamponamento;Rettilineo;Una carreggiata a doppio senso;Bagnato (pioggia);Asfaltata;Verticale ed orizzontale;Pioggia in atto;Normale;Buona;Ore Diurne;1;0;0;5;12,62713;41,86324;-1;2;Autovettura privata;In marcia / fermata / arresto;Passeggero;F;Illeso;0;;Non accertato;Inesploso
3701530;8;24/02/2018 09:45;Statale entro l'abitato;VIA CASILINA;in prossimità;;del palo luce n.;613;;Tamponamento;Rettilineo;Una carreggiata a doppio senso;Bagnato (pioggia);Asfaltata;Verticale ed orizzontale;Pioggia in atto;Normale;Buona;Ore Diurne;1;0;0;5;12,62713;41,86324;-1;2;Autovettura privata;In marcia / fermata / arresto;Passeggero;M;Illeso;0;;Non accertato;Inesploso
3701530;8;24/02/2018 09:45;Statale entro l'abitato;VIA CASILINA;in prossimità;;del palo luce n.;613;;Tamponamento;Rettilineo;Una carreggiata a doppio senso;Bagnato (pioggia);Asfaltata;Verticale ed orizzontale;Pioggia in atto;Normale;Buona;Ore Diurne;1;0;0;5;12,62713;41,86324;-1;2;Autovettura privata;In marcia / fermata / arresto;Passeggero;M;Illeso;0;;Non accertato;Inesploso
3701545;8;24/02/2018 10:30;;VIA ZAGAROLESE;in prossimità;;della chilometrica;5.696;;Ribaltamento senza urto contro ostacolo fisso;;;;;;;;;;0;0;0;1;;;0;1;Autovettura privata;In marcia / fermata / arresto;Conducente;F;Illeso;0;;;
3701574;8;24/02/2018 20:55;;VIA CASILINA;da specificare;;;;dir ROMA CENTRO ;Veicolo in marcia contro ostacolo fisso;;;;;;;;;;0;0;0;1;;;0;1;Autovettura privata;In marcia / fermata / arresto;Conducente;M;Illeso;0;;;
3701584;8;24/02/2018 20:00;Provinciale entro l'abitato;VIA CASILINA;da specificare;;;;ALT CAVALCAVIA GROTTE CELONI DIR GRA;Veicolo in marcia contro ostacolo accidentale;Cavalcavia;Una carreggiata a doppio senso;Bagnato (pioggia);Asfaltata;Verticale ed orizzontale;Pioggia in atto;Normale;Sufficiente;Sufficiente;0;0;0;1;12,6517;41,8638;-1;1;Autovettura privata;In marcia / fermata / arresto;Conducente;M;Illeso;0;;Non accertato;Inesploso
3701592;8;24/02/2018 21:30;;VIA CASILINA;da specificare;;;;dir gra;Veicolo in marcia contro ostacolo fisso;;;;;;;;;;0;0;0;5;;;0;1;Autovettura privata;In marcia / fermata / arresto;Conducente;M;Illeso;0;;Non accertato;Inesploso
3701592;8;24/02/2018 21:30;;VIA CASILINA;da specificare;;;;dir gra;Veicolo in marcia contro ostacolo fisso;;;;;;;;;;0;0;0;5;;;0;1;Autovettura privata;In marcia / fermata / arresto;Passeggero;M;Illeso;0;;Non accertato;Inesploso
3701592;8;24/02/2018 21:30;;VIA CASILINA;da specificare;;;;dir gra;Veicolo in marcia contro ostacolo fisso;;;;;;;;;;0;0;0;5;;;0;1;Autovettura privata;In marcia / fermata / arresto;Passeggero;M;Illeso;0;;Non accertato;Inesploso
3701592;8;24/02/2018 21:30;;VIA CASILINA;da specificare;;;;dir gra;Veicolo in marcia contro ostacolo fisso;;;;;;;;;;0;0;0;5;;;0;1;Autovettura privata;In marcia / fermata / arresto;Passeggero;F;Illeso;0;;Non accertato;Inesploso
3701592;8;24/02/2018 21:30;;VIA CASILINA;da specificare;;;;dir gra;Veicolo in marcia contro ostacolo fisso;;;;;;;;;;0;0;0;5;;;0;1;Autovettura privata;In marcia / fermata / arresto;Passeggero;F;Illeso;0;;Non accertato;Inesploso
3701600;8;24/02/2018 20:30;Provinciale entro l'abitato;VIA CASILINA;da specificare;;;;inizio cavalcavia grotte celoni;Veicolo in marcia contro ostacolo accidentale;Cavalcavia;Una carreggiata a doppio senso;Bagnato (pioggia);Asfaltata;Verticale ed orizzontale;Nuvoloso;Normale;Sufficiente;Sufficiente;0;0;0;1;12,6517;41,8638;-1;1;Autovettura privata;In marcia / fermata / arresto;Conducente;M;Illeso;0;;Non accertato;Inesploso
3701604;13;25/02/2018 13:45;Strada Urbana;VIA EDOARDO GATTI;in prossimità;;del civico n.;30/32;;Veicolo in marcia contro ostacolo accidentale;Rettilineo;Una carreggiata a senso unico di marcia;Bagnato (pioggia);Asfaltata;Assente;Nuvoloso;Normale;Sufficiente;Ore Diurne;0;0;0;1;12,30984;41,7686;-1;1;Autovettura privata;In marcia / fermata / arresto;Conducente;M;Illeso;0;;Non accertato;Inesploso
3701610;8;24/02/2018 06:00;;VIA BORGHESIANA;da specificare;;;;altezza via contessa entellina;Scontro frontale/laterale SX fra veicoli in marcia;;;;;;;;;;0;0;0;3;;;0;1;Autovettura privata;In marcia / fermata / arresto;Conducente;F;Illeso;0;;Non accertato;Inesploso
3701610;8;24/02/2018 06:00;;VIA BORGHESIANA;da specificare;;;;altezza via contessa entellina;Scontro frontale/laterale SX fra veicoli in marcia;;;;;;;;;;0;0;0;3;;;0;2;Autovettura privata;In marcia / fermata / arresto;Conducente;M;Illeso;0;;Non accertato;Inesploso
3701610;8;24/02/2018 06:00;;VIA BORGHESIANA;da specificare;;;;altezza via contessa entellina;Scontro frontale/laterale SX fra veicoli in marcia;;;;;;;;;;0;0;0;3;;;0;2;Autovettura privata;In marcia / fermata / arresto;Passeggero;F;Illeso;0;;Non accertato;Inesploso
3701616;8;25/02/2018 12:40;Strada Urbana;VIALE PAOLO FERDINANDO QUAGLIA;all'intersezione con;VIA ACQUARONI;VIA ACQUARONI;;;Scontro frontale/laterale DX fra veicoli in marcia;Rotatoria;Una carreggiata a senso unico di marcia;Asciutto;Asfaltata;Verticale ed orizzontale;Sereno;Normale;Sufficiente;Ore Diurne;1;0;0;1;12,64087;41,86831;-1;1;Autovettura privata;In marcia / fermata / arresto;Conducente;M;Rifiuta cure immediate;0;NON DECEDUTO;Non accertato;Inesploso
3701616;8;25/02/2018 12:40;Strada Urbana;VIALE PAOLO FERDINANDO QUAGLIA;all'intersezione con;VIA ACQUARONI;VIA ACQUARONI;;;Scontro frontale/laterale DX fra veicoli in marcia;Rotatoria;Una carreggiata a senso unico di marcia;Asciutto;Asfaltata;Verticale ed orizzontale;Sereno;Normale;Sufficiente;Ore Diurne;1;0;0;1;12,64087;41,86831;-1;2;Autovettura privata;In marcia / fermata / arresto;Conducente;M;Illeso;0;;Non accertato;Inesploso
3701654;1;24/02/2018 03:30;Strada Urbana;PASSEGGIATA DI RIPETTA;in prossimità;;del palo luce n.;8;;Veicolo in marcia contro veicoli in sosta;Curva a visuale libera;Una carreggiata a senso unico di marcia;Bagnato (pioggia);Acciotolata;Verticale ed orizzontale;Pioggia in atto;Scarso;Insufficiente;Insufficiente;0;0;0;2;12,47457;41,90833;-1;1;Autovettura privata;In marcia / fermata / arresto;Conducente;M;Illeso;0;;Non accertato;
3701654;1;24/02/2018 03:30;Strada Urbana;PASSEGGIATA DI RIPETTA;in prossimità;;del palo luce n.;8;;Veicolo in marcia contro veicoli in sosta;Curva a visuale libera;Una carreggiata a senso unico di marcia;Bagnato (pioggia);Acciotolata;Verticale ed orizzontale;Pioggia in atto;Scarso;Insufficiente;Insufficiente;0;0;0;2;12,47457;41,90833;-1;1;Autovettura privata;In marcia / fermata / arresto;Passeggero;M;Illeso;0;;Non accertato;
3701665;23;24/02/2018 20:40;Strada Urbana;VIA CRISTOFORO COLOMBO;all'intersezione con;VIA PINDARO;VIA PINDARO;;;Veicolo in marcia contro ostacolo accidentale;Incrocio;Più di due carreggiate;Bagnato (pioggia);Con buche;Verticale ed orizzontale;Pioggia in atto;Scarso;Sufficiente;Sufficiente;0;0;0;2;12,41155;41,78584;-1;1;Autovettura privata;In marcia / fermata / arresto;Conducente;M;Illeso;0;;Non accertato;
3701665;23;24/02/2018 20:40;Strada Urbana;VIA CRISTOFORO COLOMBO;all'intersezione con;VIA PINDARO;VIA PINDARO;;;Veicolo in marcia contro ostacolo accidentale;Incrocio;Più di due carreggiate;Bagnato (pioggia);Con buche;Verticale ed orizzontale;Pioggia in atto;Scarso;Sufficiente;Sufficiente;0;0;0;2;12,41155;41,78584;-1;1;Autovettura privata;In marcia / fermata / arresto;Passeggero;F;Illeso;0;;Non accertato;
3701680;23;24/02/2018 20:39;Strada Urbana;VIA CRISTOFORO COLOMBO;all'intersezione con;VIA PINDARO;VIA PINDARO;;;Veicolo in marcia contro ostacolo accidentale;Incrocio;Più di due carreggiate;Bagnato (pioggia);Asfaltata;Verticale ed orizzontale;Pioggia in atto;Scarso;Sufficiente;Sufficiente;0;0;0;2;12,36963;41,755;-1;1;Autovettura privata;In marcia / fermata / arresto;Conducente;M;Illeso;0;;Utilizzato;Inesploso
3701680;23;24/02/2018 20:39;Strada Urbana;VIA CRISTOFORO COLOMBO;all'intersezione con;VIA PINDARO;VIA PINDARO;;;Veicolo in marcia contro ostacolo accidentale;Incrocio;Più di due carreggiate;Bagnato (pioggia);Asfaltata;Verticale ed orizzontale;Pioggia in atto;Scarso;Sufficiente;Sufficiente;0;0;0;2;12,36963;41,755;-1;1;Autovettura privata;In marcia / fermata / arresto;Passeggero;M;Illeso;0;;Utilizzato;Inesploso
3701690;16;23/02/2018 16:45;Strada Urbana;VIA ENRICO GUASTALLA;in corrispondenza;;del civico n.;6;;Veicolo in marcia contro veicolo in sosta;Rettilineo;Una carreggiata a senso unico di marcia;Asciutto;Asfaltata;Assente;Sereno;Normale;Buona;Sufficiente;0;0;0;2;12,45894;41,88465;-1;2;Autovettura privata;In marcia / fermata / arresto;Conducente;F;Illeso;0;;Non accertato;Inesploso
3701690;16;23/02/2018 16:45;Strada Urbana;VIA ENRICO GUASTALLA;in corrispondenza;;del civico n.;6;;Veicolo in marcia contro veicolo in sosta;Rettilineo;Una carreggiata a senso unico di marcia;Asciutto;Asfaltata;Assente;Sereno;Normale;Buona;Sufficiente;0;0;0;2;12,45894;41,88465;-1;2;Autovettura privata;In marcia / fermata / arresto;Passeggero;F;Illeso;0;;Non accertato;Inesploso
3701729;16;24/02/2018 12:50;Strada Urbana;VIA LUIGI MERCANTINI;all'intersezione con;VIALE DELLE MURA GIANICOLENSI;VIALE DELLE MURA GIANICOLENSI;;;Scontro frontale/laterale DX fra veicoli in marcia;Intersezione non regolata/non segnalata;Una carreggiata a senso unico di marcia;Bagnato (pioggia);Asfaltata;Verticale;Pioggia in atto;Normale;Buona;Ore Diurne;1;0;0;3;12,46118;41,88724;-1;1;Autovettura privata;In marcia / fermata / arresto;Conducente;M;Illeso;0;;Non accertato;Inesploso
3701729;16;24/02/2018 12:50;Strada Urbana;VIA LUIGI MERCANTINI;all'intersezione con;VIALE DELLE MURA GIANICOLENSI;VIALE DELLE MURA GIANICOLENSI;;;Scontro frontale/laterale DX fra veicoli in marcia;Intersezione non regolata/non segnalata;Una carreggiata a senso unico di marcia;Bagnato (pioggia);Asfaltata;Verticale;Pioggia in atto;Normale;Buona;Ore Diurne;1;0;0;3;12,46118;41,88724;-1;1;Autovettura privata;In marcia / fermata / arresto;Passeggero;M;Illeso;0;;Non accertato;Inesploso
3701729;16;24/02/2018 12:50;Strada Urbana;VIA LUIGI MERCANTINI;all'intersezione con;VIALE DELLE MURA GIANICOLENSI;VIALE DELLE MURA GIANICOLENSI;;;Scontro frontale/laterale DX fra veicoli in marcia;Intersezione non regolata/non segnalata;Una carreggiata a senso unico di marcia;Bagnato (pioggia);Asfaltata;Verticale;Pioggia in atto;Normale;Buona;Ore Diurne;1;0;0;3;12,46118;41,88724;-1;1;Autovettura privata;In marcia / fermata / arresto;Passeggero;F;Illeso;0;;Non accertato;Inesploso
3701729;16;24/02/2018 12:50;Strada Urbana;VIA LUIGI MERCANTINI;all'intersezione con;VIALE DELLE MURA GIANICOLENSI;VIALE DELLE MURA GIANICOLENSI;;;Scontro frontale/laterale DX fra veicoli in marcia;Intersezione non regolata/non segnalata;Una carreggiata a senso unico di marcia;Bagnato (pioggia);Asfaltata;Verticale;Pioggia in atto;Normale;Buona;Ore Diurne;1;0;0;3;12,46118;41,88724;-1;2;Ciclomotore;In marcia / fermata / arresto;Conducente;F;Rifiuta cure immediate;0;NON DECEDUTO;Non accertato;
3701765;8;25/02/2018 10:20;Provinciale entro l'abitato;VIA PRENESTINA;da specificare;;;;100 mt prima via di Borghesiana dir centro;Veicolo in marcia contro ostacolo accidentale;Rettilineo;Una carreggiata a doppio senso;Bagnato (pioggia);Con buche;Assente;Nuvoloso;Normale;Buona;Ore Diurne;0;0;0;1;12,61059;41,89346;-1;1;Autovettura privata;In marcia / fermata / arresto;Conducente;M;Illeso;0;;Non accertato;Inesploso
3701766;2;24/02/2018 18:15;Strada Urbana;CIRCONVALLAZIONE SALARIA;da specificare;;;;dir. stadio 100 mt dopo l'uscita Ponte delle Valli;Veicolo in marcia contro ostacolo accidentale;Rettilineo;Due carreggiate;Bagnato (pioggia);Asfaltata;Verticale ed orizzontale;Pioggia in atto;Normale;Sufficiente;Sufficiente;0;0;0;3;12,52092;41,93437;-1;1;Autovettura privata;In marcia / fermata / arresto;Conducente;M;Illeso;0;;Non accertato;Inesploso
3701766;2;24/02/2018 18:15;Strada Urbana;CIRCONVALLAZIONE SALARIA;da specificare;;;;dir. stadio 100 mt dopo l'uscita Ponte delle Valli;Veicolo in marcia contro ostacolo accidentale;Rettilineo;Due carreggiate;Bagnato (pioggia);Asfaltata;Verticale ed orizzontale;Pioggia in atto;Normale;Sufficiente;Sufficiente;0;0;0;3;12,52092;41,93437;-1;1;Autovettura privata;In marcia / fermata / arresto;Passeggero;F;Illeso;0;;Non accertato;Inesploso
3701766;2;24/02/2018 18:15;Strada Urbana;CIRCONVALLAZIONE SALARIA;da specificare;;;;dir. stadio 100 mt dopo l'uscita Ponte delle Valli;Veicolo in marcia contro ostacolo accidentale;Rettilineo;Due carreggiate;Bagnato (pioggia);Asfaltata;Verticale ed orizzontale;Pioggia in atto;Normale;Sufficiente;Sufficiente;0;0;0;3;12,52092;41,93437;-1;1;Autovettura privata;In marcia / fermata / arresto;Passeggero;F;Illeso;0;;Non accertato;Inesploso
3701769;2;24/02/2018 18:30;Strada Urbana;CIRCONVALLAZIONE SALARIA;da specificare;;;;dir. stadio tra svincolo Pte Valli e Pte Valli;Veicolo in marcia contro ostacolo accidentale;Curva a visuale libera;Due carreggiate;Bagnato (pioggia);Asfaltata;Verticale ed orizzontale;Pioggia in atto;Normale;Sufficiente;Sufficiente;0;0;0;1;12,52092;41,93437;-1;1;Autovettura privata;In marcia / fermata / arresto;Conducente;M;Illeso;0;;Non accertato;Inesploso
3701775;2;25/02/2018 02:00;Strada Urbana;VIA DEI CAMPI SPORTIVI;da specificare;;;;alt. l.go G. Onesti;Tamponamento;Rettilineo;Una carreggiata a doppio senso;Bagnato (pioggia);Asfaltata;Verticale ed orizzontale;Nuvoloso;Scarso;Buona;Sufficiente;1;0;0;3;12,49136;41,93758;-1;1;Autovettura di polizia;In marcia / fermata / arresto;Conducente;M;Rifiuta cure immediate;0;NON DECEDUTO;;
3701775;2;25/02/2018 02:00;Strada Urbana;VIA DEI CAMPI SPORTIVI;da specificare;;;;alt. l.go G. Onesti;Tamponamento;Rettilineo;Una carreggiata a doppio senso;Bagnato (pioggia);Asfaltata;Verticale ed orizzontale;Nuvoloso;Scarso;Buona;Sufficiente;1;0;0;3;12,49136;41,93758;-1;1;Autovettura di polizia;In marcia / fermata / arresto;Passeggero;M;Illeso;0;;;
3701775;2;25/02/2018 02:00;Strada Urbana;VIA DEI CAMPI SPORTIVI;da specificare;;;;alt. l.go G. Onesti;Tamponamento;Rettilineo;Una carreggiata a doppio senso;Bagnato (pioggia);Asfaltata;Verticale ed orizzontale;Nuvoloso;Scarso;Buona;Sufficiente;1;0;0;3;12,49136;41,93758;-1;2;Autovettura privata;In marcia / fermata / arresto;Conducente;M;Illeso;0;;;
3701775;2;25/02/2018 02:00;Strada Urbana;VIA DEI CAMPI SPORTIVI;da specificare;;;;alt. l.go G. Onesti;Tamponamento;Rettilineo;Una carreggiata a doppio senso;Bagnato (pioggia);Asfaltata;Verticale ed orizzontale;Nuvoloso;Scarso;Buona;Sufficiente;1;0;0;3;12,49136;41,93758;-1;2;Autovettura privata;In marcia / fermata / arresto;Passeggero;M;Illeso;0;;;
3701776;13;25/02/2018 16:30;Strada Urbana;VIA DEL MARE;da specificare;;;;in prossimità di Via della Stazione di Ostia Antic;Veicolo in marcia contro ostacolo fisso;Rettilineo;Una carreggiata a senso unico di marcia;Bagnato (pioggia);Asfaltata;Orizzontale;Pioggia in atto;Normale;Sufficiente;Ore Diurne;0;0;0;1;12,46323;41,84026;-1;1;Autovettura privata;In marcia / fermata / arresto;Conducente;M;Illeso;0;;Non accertato;Inesploso
3701778;2;25/02/2018 18:00;Strada Urbana;CIRCONVALLAZIONE SALARIA;da specificare;;;;ca 100 mt. dopo PONTE DELLE VALLI dir.stadio;Veicolo in marcia contro ostacolo accidentale;Rettilineo;Due carreggiate;Bagnato (umidità in atto);Asfaltata;Verticale ed orizzontale;Nuvoloso;Normale;Sufficiente;Sufficiente;0;0;0;2;12,52092;41,93437;-1;1;Autovettura privata;In marcia / fermata / arresto;Conducente;F;Illeso;0;;Non accertato;Inesploso
3701778;2;25/02/2018 18:00;Strada Urbana;CIRCONVALLAZIONE SALARIA;da specificare;;;;ca 100 mt. dopo PONTE DELLE VALLI dir.stadio;Veicolo in marcia contro ostacolo accidentale;Rettilineo;Due carreggiate;Bagnato (umidità in atto);Asfaltata;Verticale ed orizzontale;Nuvoloso;Normale;Sufficiente;Sufficiente;0;0;0;2;12,52092;41,93437;-1;1;Autovettura privata;In marcia / fermata / arresto;Passeggero;M;Illeso;0;;Non accertato;Inesploso
3701779;8;25/02/2018 11:35;Strada Urbana;VIA PRENESTINA;all'intersezione con;VIA CANNAROLI;VIA CANNAROLI;;;Veicolo in marcia contro ostacolo accidentale;Incrocio;Una carreggiata a doppio senso;Asciutto;Con buche;Assente;Nuvoloso;Scarso;Buona;Ore Diurne;0;0;0;1;12,64332;41,89235;-1;1;Autovettura privata;In marcia / fermata / arresto;Conducente;M;Illeso;0;;Non utilizzato;Inesploso
3701785;13;25/02/2018 17:15;;VIALE DEI ROMAGNOLI;da specificare;;;;altezza centro sportivo;Veicolo in marcia contro ostacolo accidentale;;;;;;;;;;0;0;0;1;;;0;1;Autovettura privata;In marcia / fermata / arresto;Conducente;M;Illeso;0;;Non accertato;Inesploso
3701786;16;24/02/2018 13:40;Strada Urbana;VIA LUIGI MERCANTINI;da specificare;;;;fronte Via delle Mura Gianicolensi;Scontro laterale fra veicoli in marcia;Pendenza;Una carreggiata a senso unico di marcia;Bagnato (pioggia);Asfaltata;Verticale ed orizzontale;Sereno;Normale;Buona;Ore Diurne;0;0;0;3;12,46114;41,88724;-1;1;Autovettura privata;In marcia / fermata / arresto;Conducente;M;Illeso;0;;Non accertato;Inesploso
3701786;16;24/02/2018 13:40;Strada Urbana;VIA LUIGI MERCANTINI;da specificare;;;;fronte Via delle Mura Gianicolensi;Scontro laterale fra veicoli in marcia;Pendenza;Una carreggiata a senso unico di marcia;Bagnato (pioggia);Asfaltata;Verticale ed orizzontale;Sereno;Normale;Buona;Ore Diurne;0;0;0;3;12,46114;41,88724;-1;1;Autovettura privata;In marcia / fermata / arresto;Passeggero;F;Illeso;0;;Non accertato;Inesploso
3701786;16;24/02/2018 13:40;Strada Urbana;VIA LUIGI MERCANTINI;da specificare;;;;fronte Via delle Mura Gianicolensi;Scontro laterale fra veicoli in marcia;Pendenza;Una carreggiata a senso unico di marcia;Bagnato (pioggia);Asfaltata;Verticale ed orizzontale;Sereno;Normale;Buona;Ore Diurne;0;0;0;3;12,46114;41,88724;-1;2;Autovettura privata;In marcia / fermata / arresto;Conducente;M;Illeso;0;;Non accertato;Inesploso
3701789;2;25/02/2018 19:00;Strada Urbana;CIRCONVALLAZIONE SALARIA;da specificare;;;;dir. stadio alt. svincolo v.le Etiopia;Tamponamento Multiplo;Rettilineo;Una carreggiata a senso unico di marcia;Bagnato (pioggia);Asfaltata;Verticale ed orizzontale;Nuvoloso;Intenso;Buona;Sufficiente;0;0;0;12;12,52525;41,93112;-1;1;Autovettura privata;In marcia / fermata / arresto;Conducente;M;Illeso;0;;Non accertato;