Protocollo;Gruppo;DataOraIncidente;Localizzazione1;STRADA1;Localizzazione2;STRADA2;Strada02;Chilometrica;DaSpecificare;NaturaIncidente;particolaritastrade;TipoStrada;FondoStradale;Pavimentazione;Segnaletica;CondizioneAtmosferica;Traffico;Visibilita;Illuminazione;NUM_FERITI;NUM_RISERVATA;NUM_MORTI;NUM_ILLESI;Longitudine;Latitudine;Confermato;Progressivo;TipoVeicolo;StatoVeicolo;TipoPersona;Sesso;Tipolesione;Deceduto;DecedutoDopo;CinturaCascoUtilizzato;Airbag
3709020;2;28/02/2018 23:50;Strada Urbana;VIALE DEL MURO TORTO;da specificare;;;;circa 400 mt. prima di P.LE FLAMINIO;Veicolo in marcia contro ostacolo accidentale;Rettilineo;Due carreggiate;Bagnato (pioggia);Asfaltata;Verticale ed orizzontale;Nuvoloso;Normale;Sufficiente;Ore Diurne;0;0;0;1;12,48164;41,9108;-1;1;Autovettura privata;In marcia / fermata / arresto;Conducente;M;Illeso;0;;Non accertato;Inesploso
3712663;4;26/02/2018 12:20;Strada Urbana;VIA DI VALLE MELAINA;all'intersezione con;VIA MONTE CERVIALTO;VIA MONTE CERVIALTO;;;Veicolo in marcia contro ostacolo accidentale;Incrocio;Due carreggiate;Con neve;Asfaltata;Verticale ed orizzontale;Vento forte;Normale;Buona;Ore Diurne;0;0;0;1;12,52671;41,95037;-1;1;Autobus di linea;In marcia / fermata / arresto;Conducente;M;Illeso;0;;Esente;Inesploso
3713231;12;24/02/2018 16:45;Strada Urbana;VIA DI VIGNA MURATA;da specificare;;;;svincolo VIA STEFANO GRADI;Veicolo in marcia contro ostacolo accidentale;Rettilineo;Due carreggiate;Bagnato (pioggia);Con buche;Verticale ed orizzontale;Pioggia in atto;Normale;Sufficiente;Ore Diurne;0;0;0;4;12,48912;41,82571;-1;1;Autovettura privata;In marcia / fermata / arresto;Conducente;M;Illeso;0;;Utilizzato;Inesploso
3713231;12;24/02/2018 16:45;Strada Urbana;VIA DI VIGNA MURATA;da specificare;;;;svincolo VIA STEFANO GRADI;Veicolo in marcia contro ostacolo accidentale;Rettilineo;Due carreggiate;Bagnato (pioggia);Con buche;Verticale ed orizzontale;Pioggia in atto;Normale;Sufficiente;Ore Diurne;0;0;0;4;12,48912;41,82571;-1;1;Autovettura privata;In marcia / fermata / arresto;Passeggero;M;Illeso;0;;Non accertato;Inesploso
3713231;12;24/02/2018 16:45;Strada Urbana;VIA DI VIGNA MURATA;da specificare;;;;svincolo VIA STEFANO GRADI;Veicolo in marcia contro ostacolo accidentale;Rettilineo;Due carreggiate;Bagnato (pioggia);Con buche;Verticale ed orizzontale;Pioggia in atto;Normale;Sufficiente;Ore Diurne;0;0;0;4;12,48912;41,82571;-1;1;Autovettura privata;In marcia / fermata / arresto;Passeggero;F;Illeso;0;;Non accertato;Inesploso
3713231;12;24/02/2018 16:45;Strada Urbana;VIA DI VIGNA MURATA;da specificare;;;;svincolo VIA STEFANO GRADI;Veicolo in marcia contro ostacolo accidentale;Rettilineo;Due carreggiate;Bagnato (pioggia);Con buche;Verticale ed orizzontale;Pioggia in atto;Normale;Sufficiente;Ore Diurne;0;0;0;4;12,48912;41,82571;-1;1;Autovettura privata;In marcia / fermata / arresto;Passeggero;F;Illeso;0;;Non accertato;Inesploso
3713247;12;25/02/2018 21:30;Strada Urbana;VIADOTTO DELLA MAGLIANA;da specificare;;;;DIR. EUR SOTTOVIA C. COLOMBO;Veicolo in marcia contro ostacolo accidentale;Sottopasso illuminato;Una carreggiata a senso unico di marcia;Bagnato (pioggia);Asfaltata;Orizzontale;Pioggia in atto;Scarso;Sufficiente;Sufficiente;0;0;0;1;12,45779;41,83937;-1;1;Autovettura privata;In marcia / fermata / arresto;Conducente;M;Illeso;0;;Utilizzato;Inesploso
3713249;12;24/02/2018 12:45;Strada Urbana;VIA DI DECIMA;in corrispondenza;;del civico n.;100;;Veicolo in marcia contro ostacolo accidentale;Rettilineo;Una carreggiata a doppio senso;Bagnato (pioggia);Con buche;Verticale ed orizzontale;Nuvoloso;Normale;Buona;Ore Diurne;0;0;0;2;12,45145;41,81589;-1;1;Autovettura privata;In marcia / fermata / arresto;Conducente;M;Illeso;0;;Utilizzato;Inesploso
3713249;12;24/02/2018 12:45;Strada Urbana;VIA DI DECIMA;in corrispondenza;;del civico n.;100;;Veicolo in marcia contro ostacolo accidentale;Rettilineo;Una carreggiata a doppio senso;Bagnato (pioggia);Con buche;Verticale ed orizzontale;Nuvoloso;Normale;Buona;Ore Diurne;0;0;0;2;12,45145;41,81589;-1;1;Autovettura privata;In marcia / fermata / arresto;Passeggero;F;Illeso;0;;;
3713257;12;24/02/2018 18:00;Strada Urbana;VIA DI DECIMA;in corrispondenza;;del civico n.;102;;Veicolo in marcia contro ostacolo accidentale;Rettilineo;Una carreggiata a doppio senso;Bagnato (pioggia);Asfaltata;Verticale ed orizzontale;Pioggia in atto;Normale;Sufficiente;Sufficiente;0;0;0;2;12,45145;41,81589;-1;1;Autovettura privata;In marcia / fermata / arresto;Conducente;M;Illeso;0;;Non accertato;Inesploso
3713257;12;24/02/2018 18:00;Strada Urbana;VIA DI DECIMA;in corrispondenza;;del civico n.;102;;Veicolo in marcia contro ostacolo accidentale;Rettilineo;Una carreggiata a doppio senso;Bagnato (pioggia);Asfaltata;Verticale ed orizzontale;Pioggia in atto;Normale;Sufficiente;Sufficiente;0;0;0;2;12,45145;41,81589;-1;1;Autovettura privata;In marcia / fermata / arresto;Passeggero;F;Illeso;0;;Utilizzato;Inesploso
3713268;12;25/02/2018 23:20;Strada Urbana;VIA DI ACQUA ACETOSA OSTIENSE;da specificare;;;;PROX ITALO CALVINO;Veicolo in marcia contro ostacolo accidentale;Rettilineo;Una carreggiata a doppio senso;Bagnato (pioggia);Asfaltata;Assente;Pioggia in atto;Scarso;Insufficiente;Insufficiente;0;0;0;1;12,46733;41,80484;-1;1;Autovettura privata;In marcia / fermata / arresto;Conducente;M;Illeso;0;;;
3713288;12;24/02/2018 13:50;Strada Urbana;VIA BRUNO BRANDELLERO;da specificare;;;;prossimità VIA DON PASQUINO BORGHI;Veicolo in marcia contro ostacolo accidentale;Curva a visuale libera;Una carreggiata a doppio senso;Bagnato (pioggia);Con buche;Verticale ed orizzontale;Pioggia in atto;Normale;Buona;Ore Diurne;1;0;0;0;12,45166;41,8065;-1;1;Quadriciclo leggero;In marcia / fermata / arresto;Conducente;F;Rimandato;0;NON DECEDUTO;Non accertato;Inesploso
3713330;12;25/02/2018 21:29;Strada Urbana;VIADOTTO DELLA MAGLIANA;da specificare;;;;SVINCOLO C. COLOMBO ;Veicolo in marcia contro ostacolo accidentale;Sottopasso illuminato;Una carreggiata a senso unico di marcia;Bagnato (pioggia);Asfaltata;Orizzontale;Pioggia in atto;Scarso;Insufficiente;Insufficiente;0;0;0;1;12,45779;41,83937;-1;1;Autovettura privata;In marcia / fermata / arresto;Conducente;M;Illeso;0;;Utilizzato;Inesploso
3713456;12;24/02/2018 08:22;Strada Urbana;VIA CRISTOFORO COLOMBO;da specificare;;;;direzione GRA altezza Viadotto  Magliana;Veicolo in marcia contro ostacolo accidentale;Rettilineo;Più di due carreggiate;Bagnato (pioggia);Asfaltata;Verticale ed orizzontale;Pioggia in atto;Scarso;Buona;Ore Diurne;0;0;0;1;12,41155;41,78584;-1;1;Autovettura privata;In marcia / fermata / arresto;Conducente;F;Illeso;0;;Non accertato;Inesploso
3713470;12;25/02/2018 12:00;Provinciale entro l'abitato;VIA LAURENTINA;in prossimità;;della chilometrica;10.7;;Veicolo in marcia contro ostacolo accidentale;Rettilineo;Due carreggiate;Asciutto;Con buche;Verticale ed orizzontale;Nuvoloso;Normale;Buona;Ore Diurne;0;0;0;1;12,50918;41,72716;-1;1;Autovettura privata;In marcia / fermata / arresto;Conducente;M;Illeso;0;;;
3713502;12;25/02/2018 10:45;Strada Urbana;VIA LAURENTINA;in prossimità;;della chilometrica;9.4;;Veicolo in marcia contro ostacolo accidentale;Rettilineo;Due carreggiate;Bagnato (umidità in atto);Asfaltata;Verticale ed orizzontale;Nuvoloso;Normale;Buona;Ore Diurne;0;0;0;2;12,50918;41,72716;-1;1;Autovettura privata;In marcia / fermata / arresto;Conducente;F;Illeso;0;;;
3713502;12;25/02/2018 10:45;Strada Urbana;VIA LAURENTINA;in prossimità;;della chilometrica;9.4;;Veicolo in marcia contro ostacolo accidentale;Rettilineo;Due carreggiate;Bagnato (umidità in atto);Asfaltata;Verticale ed orizzontale;Nuvoloso;Normale;Buona;Ore Diurne;0;0;0;2;12,50918;41,72716;-1;1;Autovettura privata;In marcia / fermata / arresto;Passeggero;M;Illeso;0;;;
3713509;12;25/02/2018 17:25;Strada Urbana;PIAZZALE LUIGI STURZO;in corrispondenza;;del civico n.;21;;Scontro laterale fra veicoli in marcia;Rettilineo;Una carreggiata a doppio senso;Bagnato (pioggia);Asfaltata;Verticale ed orizzontale;Pioggia in atto;Scarso;Buona;Ore Diurne;0;0;0;5;12,46779;41,83461;-1;1;Autovettura privata;In marcia / fermata / arresto;Conducente;M;Illeso;0;;Non accertato;Inesploso
3713509;12;25/02/2018 17:25;Strada Urbana;PIAZZALE LUIGI STURZO;in corrispondenza;;del civico n.;21;;Scontro laterale fra veicoli in marcia;Rettilineo;Una carreggiata a doppio senso;Bagnato (pioggia);Asfaltata;Verticale ed orizzontale;Pioggia in atto;Scarso;Buona;Ore Diurne;0;0;0;5;12,46779;41,83461;-1;1;Autovettura privata;In marcia / fermata / arresto;Passeggero;F;Illeso;0;;Utilizzato;
3713509;12;25/02/2018 17:25;Strada Urbana;PIAZZALE LUIGI STURZO;in corrispondenza;;del civico n.;21;;Scontro laterale fra veicoli in marcia;Rettilineo;Una carreggiata a doppio senso;Bagnato (pioggia);Asfaltata;Verticale ed orizzontale;Pioggia in atto;Scarso;Buona;Ore Diurne;0;0;0;5;12,46779;41,83461;-1;1;Autovettura privata;In marcia / fermata / arresto;Passeggero;M;Illeso;0;;Utilizzato;
3713509;12;25/02/2018 17:25;Strada Urbana;PIAZZALE LUIGI STURZO;in corrispondenza;;del civico n.;21;;Scontro laterale fra veicoli in marcia;Rettilineo;Una carreggiata a doppio senso;Bagnato (pioggia);Asfaltata;Verticale ed orizzontale;Pioggia in atto;Scarso;Buona;Ore Diurne;0;0;0;5;12,46779;41,83461;-1;1;Autovettura privata;In marcia / fermata / arresto;Passeggero;F;Illeso;0;;Utilizzato;
3713509;12;25/02/2018 17:25;Strada Urbana;PIAZZALE LUIGI STURZO;in corrispondenza;;del civico n.;21;;Scontro laterale fra veicoli in marcia;Rettilineo;Una carreggiata a doppio senso;Bagnato (pioggia);Asfaltata;Verticale ed orizzontale;Pioggia in atto;Scarso;Buona;Ore Diurne;0;0;0;5;12,46779;41,83461;-1;2;Autovettura privata;In marcia / fermata / arresto;Conducente;M;Illeso;0;;Non accertato;Inesploso
3713537;12;26/02/2018 14:00;Strada Urbana;PIAZZA GUGLIELMO MARCONI;da specificare;;;;direzione G.R.A. altezza VIA CHOPIN;Scontro frontale/laterale DX fra veicoli in marcia;Rotatoria;Due carreggiate;Bagnato (pioggia);Asfaltata;Verticale ed orizzontale;Sereno;Normale;Buona;Ore Diurne;0;0;0;2;12,47046;41,83347;-1;1;Autovettura privata;In marcia / fermata / arresto;Conducente;M;Illeso;0;;Utilizzato;Inesploso
3713537;12;26/02/2018 14:00;Strada Urbana;PIAZZA GUGLIELMO MARCONI;da specificare;;;;direzione G.R.A. altezza VIA CHOPIN;Scontro frontale/laterale DX fra veicoli in marcia;Rotatoria;Due carreggiate;Bagnato (pioggia);Asfaltata;Verticale ed orizzontale;Sereno;Normale;Buona;Ore Diurne;0;0;0;2;12,47046;41,83347;-1;2;Autovettura privata;In marcia / fermata / arresto;Conducente;F;Illeso;0;;Utilizzato;Inesploso
3713545;12;26/02/2018 21:30;Statale;VIA OSTIENSE;da specificare;;;;direzione Roma centro altezza G.R.A.;Veicolo in marcia contro ostacolo fisso;Rettilineo;Una carreggiata a doppio senso;Bagnato (umidità in atto);Asfaltata;Verticale ed orizzontale;Sereno;Scarso;Buona;Inesistente;0;0;0;1;12,42045;41,80774;-1;1;Autovettura privata;In marcia / fermata / arresto;Conducente;M;Illeso;0;;Non accertato;Inesploso
3713562;12;26/02/2018 21:30;Statale;VIA OSTIENSE;da specificare;;;;direzione Roma altezza G.R.A.;Scontro laterale fra veicoli in marcia;Rettilineo;Una carreggiata a doppio senso;Ghiacciato;Asfaltata;Verticale ed orizzontale;Sereno;Scarso;Insufficiente;Inesistente;0;0;0;2;12,42028;41,80685;-1;1;Autovettura privata;In marcia / fermata / arresto;Conducente;M;Illeso;0;;Non accertato;Inesploso
3713562;12;26/02/2018 21:30;Statale;VIA OSTIENSE;da specificare;;;;direzione Roma altezza G.R.A.;Scontro laterale fra veicoli in marcia;Rettilineo;Una carreggiata a doppio senso;Ghiacciato;Asfaltata;Verticale ed orizzontale;Sereno;Scarso;Insufficiente;Inesistente;0;0;0;2;12,42028;41,80685;-1;2;Autovettura privata;In marcia / fermata / arresto;Conducente;M;Illeso;0;;Non accertato;Inesploso
3713587;12;27/02/2018 03:45;Strada Urbana;VIA PONTINA;da specificare;;;;direzione POMEZIA KM 11,100;Veicolo in marcia contro ostacolo accidentale;Rettilineo;Due carreggiate;Asciutto;Asfaltata;Verticale ed orizzontale;Sereno;Scarso;Buona;Sufficiente;0;0;0;1;12,48407;41,69365;-1;1;Autovettura privata;In marcia / fermata / arresto;Conducente;M;Illeso;0;;Non accertato;Inesploso
3713596;12;25/02/2018 07:45;Strada Urbana;VIADOTTO DELLA MAGLIANA;in prossimità;;del palo luce n.;49;;Veicolo in marcia contro ostacolo fisso;Curva a visuale libera;Due carreggiate;Bagnato (umidità in atto);Asfaltata;Orizzontale;Nuvoloso;Scarso;Sufficiente;Ore Diurne;0;0;0;1;12,45779;41,83937;-1;1;Autovettura privata;In marcia / fermata / arresto;Conducente;M;Illeso;0;;Non accertato;Inesploso
3713611;12;26/02/2018 23:35;Strada Urbana;VIA DELLA SOLFARATA;da specificare;;;;prox via sassuolo;Veicolo in marcia contro ostacolo accidentale;Rettilineo;Una carreggiata a doppio senso;Bagnato (pioggia);Asfaltata;Assente;Pioggia in atto;Scarso;Insufficiente;Inesistente;0;0;0;2;12,54575;41,70648;-1;1;Autovettura di polizia;In marcia / fermata / arresto;Conducente;M;Illeso;0;;;
3713611;12;26/02/2018 23:35;Strada Urbana;VIA DELLA SOLFARATA;da specificare;;;;prox via sassuolo;Veicolo in marcia contro ostacolo accidentale;Rettilineo;Una carreggiata a doppio senso;Bagnato (pioggia);Asfaltata;Assente;Pioggia in atto;Scarso;Insufficiente;Inesistente;0;0;0;2;12,54575;41,70648;-1;1;Autovettura di polizia;In marcia / fermata / arresto;Passeggero;M;Illeso;0;;;
3715357;2;23/02/2018 23:45;Strada Urbana;VIA DEL FORO ITALICO;da specificare;;;;alt.Fiume Tevere dir.ne Stadio Olimpico;Veicolo in marcia contro ostacolo accidentale;Rettilineo;Due carreggiate;Asciutto;Asfaltata;Verticale ed orizzontale;Sereno;Normale;Buona;Sufficiente;0;0;0;1;12,48635;41,93971;-1;1;Autovettura privata;In marcia / fermata / arresto;Conducente;M;Illeso;0;;;
3715506;16;26/02/2018 10:00;;VIA LEONE XIII;in prossimità;;del palo luce n.;21;;Veicolo in marcia contro veicolo arresto;;;;;;;;;;0;0;0;4;;;0;1;Autovettura privata;In marcia / fermata / arresto;Conducente;M;Illeso;0;;;
3715506;16;26/02/2018 10:00;;VIA LEONE XIII;in prossimità;;del palo luce n.;21;;Veicolo in marcia contro veicolo arresto;;;;;;;;;;0;0;0;4;;;0;1;Autovettura privata;In marcia / fermata / arresto;Passeggero;M;Illeso;0;;;
3715506;16;26/02/2018 10:00;;VIA LEONE XIII;in prossimità;;del palo luce n.;21;;Veicolo in marcia contro veicolo arresto;;;;;;;;;;0;0;0;4;;;0;2;Autovettura privata;In marcia / fermata / arresto;Conducente;M;Illeso;0;;;
3715506;16;26/02/2018 10:00;;VIA LEONE XIII;in prossimità;;del palo luce n.;21;;Veicolo in marcia contro veicolo arresto;;;;;;;;;;0;0;0;4;;;0;2;Autovettura privata;In marcia / fermata / arresto;Passeggero;M;Illeso;0;;;
3716383;12;28/02/2018 20:48;Strada Urbana;VIA DI TRIGORIA;in prossimità;;del civico n.;75;;Veicolo in marcia contro ostacolo accidentale;Rettilineo;Una carreggiata a doppio senso;Bagnato (pioggia);Asfaltata;Verticale;Pioggia in atto;Normale;Buona;Sufficiente;0;0;0;2;12,47848;41,76872;-1;1;Autovettura privata;In marcia / fermata / arresto;Conducente;M;Illeso;0;;Non accertato;Inesploso
3716383;12;28/02/2018 20:48;Strada Urbana;VIA DI TRIGORIA;in prossimità;;del civico n.;75;;Veicolo in marcia contro ostacolo accidentale;Rettilineo;Una carreggiata a doppio senso;Bagnato (pioggia);Asfaltata;Verticale;Pioggia in atto;Normale;Buona;Sufficiente;0;0;0;2;12,47848;41,76872;-1;1;Autovettura privata;In marcia / fermata / arresto;Passeggero;F;Illeso;0;;Utilizzato;Inesploso
3719197;2;27/02/2018 21:10;Strada Urbana;VIALE PARIOLI;in prossimità;;del civico n.;79M;;Veicolo in marcia contro ostacolo accidentale;Rettilineo;Una carreggiata a doppio senso;Con neve;Con buche;Verticale ed orizzontale;Sereno;Normale;Sufficiente;Sufficiente;0;0;0;1;12,48608;41,9271;-1;1;Autovettura privata;In marcia / fermata / arresto;Conducente;M;Illeso;0;;Non accertato;Inesploso
3722786;13;27/02/2018 16:45;Strada Urbana;VIA PADRE MASSARUTI;in prossimità;;del civico n.;115;;Veicolo in marcia contro ostacolo fisso;Rettilineo;Una carreggiata a doppio senso;Bagnato (pioggia);Con buche;Assente;Nuvoloso;Scarso;Buona;Ore Diurne;0;0;0;1;12,35299;41,76402;0;1;Autovettura privata;In marcia / fermata / arresto;Conducente;M;Illeso;0;;Non accertato;Inesploso
3726820;2;24/02/2018 01:00;Strada Urbana;VIALE DEL MURO TORTO;da specificare;;;;altezza Parcheggio dir. VIA VENETO;Veicolo in marcia contro ostacolo accidentale;Rettilineo;Una carreggiata a senso unico di marcia;Asciutto;Asfaltata;Verticale ed orizzontale;Sereno;Intenso;Buona;Ore Diurne;0;0;0;1;12,48164;41,9108;-1;1;Autovettura privata;In marcia / fermata / arresto;Conducente;M;Illeso;0;;;
3727422;12;24/02/2018 12:51;Strada Urbana;VIA DI CASTEL DI LEVA;in prossimità;;del civico n.;233;;Veicolo in marcia contro ostacolo accidentale;Rettilineo;Una carreggiata a doppio senso;Bagnato (pioggia);Asfaltata;Verticale ed orizzontale;Pioggia in atto;Normale;Buona;Ore Diurne;0;0;0;1;12,51381;41,78957;-1;1;Autovettura privata;In marcia / fermata / arresto;Conducente;M;Illeso;0;;Non accertato;
3727440;12;24/02/2018 12:52;Strada Urbana;VIA DI CASTEL DI LEVA;in prossimità;;del civico n.;233;;Veicolo in marcia contro ostacolo accidentale;Rettilineo;Una carreggiata a doppio senso;Bagnato (pioggia);Asfaltata;Verticale ed orizzontale;Pioggia in atto;Normale;Buona;Ore Diurne;0;0;0;1;12,51381;41,78957;-1;1;Autovettura privata;In marcia / fermata / arresto;Conducente;F;Illeso;0;;Non accertato;
3727937;9;24/02/2018 01:00;Strada Urbana;VIA TUSCOLANA;in corrispondenza;;del civico n.;716;;Veicolo in marcia contro ostacolo accidentale;Rettilineo;Due carreggiate;Asciutto;Asfaltata;Verticale ed orizzontale;Sereno;Scarso;Sufficiente;Sufficiente;0;0;0;1;12,54274;41,86535;-1;1;Autovettura privata;In marcia / fermata / arresto;Conducente;M;Illeso;0;;Non accertato;Inesploso
3727946;9;24/02/2018 02:00;Strada Urbana;VIA TUSCOLANA;in corrispondenza;;del civico n.;718;;Veicolo in marcia contro ostacolo accidentale;Rettilineo;Una carreggiata a senso unico di marcia;Bagnato (pioggia);Asfaltata;Assente;Pioggia in atto;Scarso;Sufficiente;Sufficiente;0;0;0;1;12,54273;41,8653;-1;1;Autovettura privata;In marcia / fermata / arresto;Conducente;M;Illeso;0;;Non accertato;Inesploso
3732301;12;22/02/2018 08:00;Strada Urbana;VIA LAURENTINA;in corrispondenza;;del civico n.;575;;Investimento di pedone;Rettilineo;Più di due carreggiate;Asciutto;Asfaltata;Verticale ed orizzontale;Nuvoloso;Normale;Buona;Ore Diurne;1;0;0;0;12,47946;41,82361;-1;;;;Pedone;M;Rimandato;0;NON DECEDUTO;;
3742104;9;28/02/2018 14:30;;VIA CENEDA;in corrispondenza;;del civico n.;32;;Tamponamento;;;;;;;;;;0;0;0;2;;;0;1;Autovettura privata;In marcia / fermata / arresto;Conducente;F;Illeso;0;;;
3742104;9;28/02/2018 14:30;;VIA CENEDA;in corrispondenza;;del civico n.;32;;Tamponamento;;;;;;;;;;0;0;0;2;;;0;2;Autovettura privata;In marcia / fermata / arresto;Conducente;M;Illeso;0;;;
3752130;8;26/02/2018 10:15;Strada Urbana;VIA SAN BIAGIO PLATANI;in prossimità;;del civico n.;240;;Veicolo in marcia contro ostacolo accidentale;Rettilineo;Una carreggiata a senso unico di marcia;Con neve;Asfaltata;Verticale ed orizzontale;Nevicata in atto;Scarso;Buona;Ore Diurne;0;0;0;1;12,64771;41,87245;-1;1;Autovettura privata;In marcia / fermata / arresto;Conducente;M;Illeso;0;;Non accertato;Inesploso
3753906;5;22/02/2018 19:50;Strada Urbana;VIALE BRUNO PELIZZI;all'intersezione semaforizzata con;VIA DI TORRE SPACCATA;VIA DI TORRE SPACCATA;;;Veicolo in marcia contro veicolo arresto;Intersezione semaforizzata;Due carreggiate;Bagnato (pioggia);Asfaltata;Orizzontale;Nuvoloso;Normale;Buona;Sufficiente;0;0;0;4;12,58257;41,85172;-1;1;Autovettura privata;In marcia / fermata / arresto;Conducente;M;Illeso;0;;Non accertato;Inesploso
3753906;5;22/02/2018 19:50;Strada Urbana;VIALE BRUNO PELIZZI;all'intersezione semaforizzata con;VIA DI TORRE SPACCATA;VIA DI TORRE SPACCATA;;;Veicolo in marcia contro veicolo arresto;Intersezione semaforizzata;Due carreggiate;Bagnato (pioggia);Asfaltata;Orizzontale;Nuvoloso;Normale;Buona;Sufficiente;0;0;0;4;12,58257;41,85172;-1;1;Autovettura privata;In marcia / fermata / arresto;Passeggero;M;Illeso;0;;Non accertato;Inesploso
3753906;5;22/02/2018 19:50;Strada Urbana;VIALE BRUNO PELIZZI;all'intersezione semaforizzata con;VIA DI TORRE SPACCATA;VIA DI TORRE SPACCATA;;;Veicolo in marcia contro veicolo arresto;Intersezione semaforizzata;Due carreggiate;Bagnato (pioggia);Asfaltata;Orizzontale;Nuvoloso;Normale;Buona;Sufficiente;0;0;0;4;12,58257;41,85172;-1;1;Autovettura privata;In marcia / fermata / arresto;Passeggero;M;Illeso;0;;Non accertato;Inesploso
3753906;5;22/02/2018 19:50;Strada Urbana;VIALE BRUNO PELIZZI;all'intersezione semaforizzata con;VIA DI TORRE SPACCATA;VIA DI TORRE SPACCATA;;;Veicolo in marcia contro veicolo arresto;Intersezione semaforizzata;Due carreggiate;Bagnato (pioggia);Asfaltata;Orizzontale;Nuvoloso;Normale;Buona;Sufficiente;0;0;0;4;12,58257;41,85172;-1;2;Autobus di linea;In marcia / fermata / arresto;Conducente;M;Illeso;0;;Non accertato;Inesploso
3761284;5;03/02/2018 15:30;Strada Urbana;VIA IGINO GIORDANI;in prossimità;;del civico n.;98;;Scontro frontale fra veicoli in marcia;Rettilineo;Una carreggiata a doppio senso;Bagnato (pioggia);Asfaltata;Orizzontale;Nuvoloso;Normale;Buona;Ore Diurne;3;0;0;0;12,56349;41,90679;-1;1;Autovettura privata;In marcia / fermata / arresto;Conducente;M;Rimandato;0;NON DECEDUTO;Non accertato;Esploso
3761284;5;03/02/2018 15:30;Strada Urbana;VIA IGINO GIORDANI;in prossimità;;del civico n.;98;;Scontro frontale fra veicoli in marcia;Rettilineo;Una carreggiata a doppio senso;Bagnato (pioggia);Asfaltata;Orizzontale;Nuvoloso;Normale;Buona;Ore Diurne;3;0;0;0;12,56349;41,90679;-1;1;Autovettura privata;In marcia / fermata / arresto;Passeggero;F;Rimandato;0;NON DECEDUTO;Non accertato;Esploso
3761284;5;03/02/2018 15:30;Strada Urbana;VIA IGINO GIORDANI;in prossimità;;del civico n.;98;;Scontro frontale fra veicoli in marcia;Rettilineo;Una carreggiata a doppio senso;Bagnato (pioggia);Asfaltata;Orizzontale;Nuvoloso;Normale;Buona;Ore Diurne;3;0;0;0;12,56349;41,90679;-1;2;Autovettura privata;In marcia / fermata / arresto;Conducente;F;Rimandato;0;NON DECEDUTO;Non accertato;Esploso
3761752;2;07/02/2018 21:00;Strada Urbana;VIALE DEL MURO TORTO;da specificare;;;;poco prima del Propileo direz. Lungotevere.;Veicolo in marcia contro ostacolo accidentale;Rettilineo;Due carreggiate;Asciutto;Asfaltata;Verticale ed orizzontale;Sereno;Intenso;Buona;Sufficiente;0;0;0;1;12,48164;41,9108;-1;1;Autovettura privata;In marcia / fermata / arresto;Conducente;F;Illeso;0;;Non accertato;Inesploso
3780634;2;14/02/2018 07:45;Strada Urbana;VIA DEL FORO ITALICO;da specificare;;;;dir. Stadio fronte Via della Moschea;Infortunio per sola frenata improvvisa;Rettilineo;Una carreggiata a senso unico di marcia;Asciutto;Asfaltata;Verticale ed orizzontale;Sereno;Normale;Sufficiente;Ore Diurne;1;0;0;0;12,48368;41,94007;-1;1;Motociclo a solo;In marcia / fermata / arresto;Conducente;M;Ricoverato;0;NON DECEDUTO;;
3812479;5;07/02/2018 17:30;Strada Urbana;VIA TIBURTINA;all'intersezione con;VIA PIETRO OTTOBONI;VIA PIETRO OTTOBONI;;;Investimento di pedone;Intersezione semaforizzata;Due carreggiate;Bagnato (pioggia);Asfaltata;Verticale ed orizzontale;Pioggia in atto;Intenso;Buona;Ore Diurne;1;0;0;1;12,53976;41,90844;-1;;;;Pedone;F;Rimandato;0;NON DECEDUTO;;
3812479;5;07/02/2018 17:30;Strada Urbana;VIA TIBURTINA;all'intersezione con;VIA PIETRO OTTOBONI;VIA PIETRO OTTOBONI;;;Investimento di pedone;Intersezione semaforizzata;Due carreggiate;Bagnato (pioggia);Asfaltata;Verticale ed orizzontale;Pioggia in atto;Intenso;Buona;Ore Diurne;1;0;0;1;12,53976;41,90844;-1;1;Motociclo a solo;In marcia / fermata / arresto;Conducente;M;Illeso;0;;Non accertato;
3863503;5;26/02/2018 19:50;Strada Urbana;VIA DI SCORTICABOVE;in prossimità;;del civico n.;145;;Veicolo in marcia contro ostacolo fisso;Pendenza;Una carreggiata a doppio senso;Con neve;Asfaltata;Verticale;Sereno;Scarso;Sufficiente;Sufficiente;1;0;0;1;12,59244;41,93467;-1;1;Autovettura privata;In marcia / fermata / arresto;Conducente;M;Illeso;0;;Non accertato;Inesploso
3863503;5;26/02/2018 19:50;Strada Urbana;VIA DI SCORTICABOVE;in prossimità;;del civico n.;145;;Veicolo in marcia contro ostacolo fisso;Pendenza;Una carreggiata a doppio senso;Con neve;Asfaltata;Verticale;Sereno;Scarso;Sufficiente;Sufficiente;1;0;0;1;12,59244;41,93467;-1;1;Autovettura privata;In marcia / fermata / arresto;Passeggero;M;Ricoverato;0;NON DECEDUTO;Non accertato;Inesploso